classname,name,time_seconds,outcome
tests.bridge.test_bridge_capture,test_show_only_script_is_captured,0.395,passed
tests.bridge.test_bridge_capture,test_savefig_is_captured_and_passed_through,0.418,passed
tests.bridge.test_bridge_capture,test_no_show_no_savefig_is_still_captured,0.377,passed
tests.bridge.test_bridge_capture,test_multiple_figures_are_all_captured_in_order,0.436,passed
tests.bridge.test_bridge_capture,test_savefig_then_still_in_gcf_is_not_captured_twice,0.419,passed
tests.bridge.test_bridge_capture,test_oo_figure_never_owned_by_pyplot_is_captured_via_savefig,0.413,passed
tests.bridge.test_bridge_capture,test_closed_figures_are_not_captured,0.456,passed
tests.bridge.test_bridge_capture,test_figure_number_gaps_never_leak_into_the_stem,0.436,passed
tests.bridge.test_bridge_capture,test_repeated_show_captures_each_new_figure_once,0.408,passed
tests.bridge.test_bridge_capture,test_a_figure_created_after_the_first_barrier_reaches_the_session,0.529,passed
tests.bridge.test_bridge_capture,test_editing_survives_the_next_barrier,0.575,passed
tests.bridge.test_bridge_capture,test_sys_exit_still_hands_over_the_figures,0.377,passed
tests.bridge.test_bridge_capture,test_exception_after_the_figure_still_hands_it_over,0.371,passed
tests.bridge.test_bridge_capture,test_user_stdout_is_never_mistaken_for_protocol,0.375,passed
tests.native.test_env_lease,test_mutation_blocks_native_start,0.001,passed
tests.native.test_env_lease,test_active_native_blocks_install,0.000,passed
tests.native.test_env_lease,test_an_active_native_session_is_never_killed_by_an_installer,0.000,passed
tests.native.test_env_lease,test_unrelated_environment_not_blocked,0.000,passed
tests.native.test_env_lease,test_lease_released_on_exit,0.000,passed
tests.native.test_env_lease,test_lease_released_on_crash,0.000,passed
tests.native.test_env_lease,test_a_failed_acquire_does_not_release_someone_elses_lease,0.000,passed
tests.native.test_env_lease,test_two_native_sessions_on_one_environment_are_both_counted,0.000,passed
tests.native.test_env_lease,test_state_of_reports_the_closed_set,0.000,passed
tests.native.test_env_lease,test_pool_is_a_consumer_not_a_second_table,0.000,passed
tests.native.test_env_lease,test_deprepair_reports_the_native_case_with_its_own_code,0.000,passed
tests.native.test_env_lease,test_concurrent_acquire_and_mutate_never_both_win,0.003,passed
tests.native.test_native_api,test_pending_never_returns_the_token_or_the_port,0.007,passed
tests.native.test_native_api,test_a_bad_native_id_is_a_404_with_a_stable_code,0.001,passed
tests.native.test_native_api,test_a_traversal_shaped_id_never_reaches_a_file,0.001,passed
tests.native.test_native_api,test_a_consumed_descriptor_is_409_with_its_own_code,0.002,passed
tests.native.test_native_api,test_cancel_makes_the_descriptor_unusable,0.002,passed
tests.native.test_native_api,test_the_request_body_cannot_replace_the_invocation,0.001,passed
tests.native.test_native_api,test_remember_is_opt_in_and_scoped,0.002,passed
tests.native.test_native_api,test_a_permission_can_be_revoked,0.001,passed
tests.native.test_native_api,test_a_schema_bump_invalidates_old_permissions,0.001,passed
tests.native.test_native_api,test_unknown_session_is_404,0.001,passed
tests.native.test_native_api,test_a_rejected_attach_leaves_the_credential_usable,0.001,passed
tests.native.test_native_api,test_a_rejected_attach_keeps_the_cli_waiting_so_the_retry_can_land,1.503,passed
tests.native.test_native_api,test_cancelling_after_a_rejected_attach_ends_the_wait_at_once,0.256,passed
tests.native.test_native_api,test_a_failed_tombstone_write_never_reports_a_live_session_as_a_failure,0.002,passed
tests.native.test_native_api,test_a_successful_attach_still_burns_the_credential,0.002,passed
tests.native.test_native_api,test_a_bridge_failure_is_never_reported_as_a_success[build],0.001,passed
tests.native.test_native_api,test_a_bridge_failure_is_never_reported_as_a_success[continue],0.001,passed
tests.native.test_native_api,test_a_bridge_failure_is_never_reported_as_a_success[detach],0.001,passed
tests.native.test_native_api,test_a_bridge_failure_is_never_reported_as_a_success[terminate],0.001,passed
tests.native.test_native_api,test_every_worker_error_payload_in_app_carries_a_status_code,0.002,passed
tests.native.test_native_api,test_a_native_panel_never_falls_back_to_a_safe_worker,0.000,passed
tests.native.test_native_api,test_a_safe_panel_never_switches_to_a_live_native_session,0.000,passed
tests.native.test_native_api,test_profile_defaults_to_safe_when_the_cache_says_nothing,0.001,passed
tests.native.test_native_api,test_the_resolver_is_the_only_place_that_branches,0.001,passed
tests.native.test_native_api,test_both_worker_kinds_provide_the_whole_worker_like_surface[EngineWorker],0.001,passed
tests.native.test_native_api,test_both_worker_kinds_provide_the_whole_worker_like_surface[NativeSession],0.000,passed
tests.native.test_native_api,test_the_render_call_shape_fits_both_worker_kinds,0.000,passed
tests.native.test_native_api,test_a_native_session_answers_the_attributes_the_routes_read,0.001,passed
tests.native.test_native_api,test_the_registry_attach_really_authenticates,0.002,passed
tests.native.test_native_registry,test_native_register_and_state_machine,0.001,passed
tests.native.test_native_registry,test_the_registry_is_not_the_worker_pool,0.001,passed
tests.native.test_native_registry,test_native_duplicate_attach_is_refused,0.001,passed
tests.native.test_native_registry,test_native_not_at_barrier,0.001,passed
tests.native.test_native_registry,test_native_single_reader,0.001,passed
tests.native.test_native_registry,test_native_timeout_does_not_leave_a_second_reader,0.509,passed
tests.native.test_native_registry,test_a_malformed_frame_fails_the_session,0.001,passed
tests.native.test_native_registry,test_native_disconnect_wakes_waiters,0.001,passed
tests.native.test_native_registry,test_a_mismatched_echo_poisons_the_session,0.001,passed
tests.native.test_native_registry,test_the_envelope_comes_from_the_one_place,0.001,passed
tests.native.test_native_registry,test_route_binds_and_resolves,0.001,passed
tests.native.test_native_registry,test_native_asset_conflict_is_reported_not_silently_taken,0.001,passed
tests.native.test_native_registry,test_a_route_dies_with_its_session,0.001,passed
tests.native.test_native_registry,test_requests_after_the_session_ended_have_a_stable_code,0.001,passed
tests.native.test_native_registry,test_terminal_state_never_goes_back,0.208,passed
tests.native.test_native_registry,test_attach_takes_an_environment_lease_and_gives_it_back,0.004,passed
tests.native.test_native_registry,test_attach_is_refused_while_the_environment_is_mutating,0.001,passed
tests.native.test_native_registry,test_public_state_and_diagnostics_carry_no_secrets,0.002,passed
tests.native.test_native_registry,test_shutdown_all_does_not_kill_the_user_script,0.001,passed
tests.native.test_native_relay,test_loopback_only,0.001,passed
tests.native.test_native_relay,test_two_distinct_tokens,0.001,passed
tests.native.test_native_relay,test_the_desktop_token_does_not_open_the_child_side,2.004,passed
tests.native.test_native_relay,test_wrong_token_does_not_consume_the_listener,0.003,passed
tests.native.test_native_relay,test_second_attach_rejected,0.003,passed
tests.native.test_native_relay,test_the_child_hello_reaches_the_desktop_without_its_token,0.002,passed
tests.native.test_native_relay,test_relay_is_byte_transparent,0.002,passed
tests.native.test_native_relay,test_relay_sidecar_disconnect_closes_the_child_side,0.002,passed
tests.native.test_native_relay,test_relay_child_disconnect_closes_the_desktop_side,0.002,passed
tests.native.test_native_relay,test_relay_cleanup_releases_both_listeners,0.001,passed
tests.native.test_native_relay,test_attach_timeout_has_a_stable_code,0.303,passed
tests.native.test_native_relay,test_a_watch_callback_can_abort_the_wait,0.255,passed
tests.native.test_native_relay,test_the_relay_never_imports_the_engine_semantics,0.004,passed
tests.native.test_native_relay,test_close_shuts_the_connected_sockets_down_before_closing_them,0.003,passed
tests.native.test_native_relay,test_both_peers_see_eof_even_while_the_pumps_are_blocked_on_recv,0.056,passed
tests.native.test_run_beta_claims,test_each_readme_promise_is_backed_by_code[**\u4f60\u786e\u8ba4\u4e4b\u524d\uff0c\u4e00\u884c\u4ee3\u7801\u90fd\u4e0d\u4f1a\u8dd1],0.007,passed
tests.native.test_run_beta_claims,test_each_readme_promise_is_backed_by_code[\u5199\u660e\u89e3\u91ca\u5668\u8def\u5f84\u3001\u5de5\u4f5c\u76ee\u5f55\u548c\u76ee\u6807],0.002,passed
tests.native.test_run_beta_claims,test_the_cli_only_spawns_after_the_desktop_has_attached,0.001,passed
tests.native.test_run_beta_claims,test_a_marker_that_only_appears_in_a_comment_does_not_count,0.000,passed
tests.native.test_run_beta_claims,test_code_only_keeps_ordinary_source_lines,0.001,passed
tests.native.test_run_invocation,test_run_requires_delimiter,0.000,passed
tests.native.test_run_invocation,test_only_the_first_delimiter_is_ours,0.000,passed
tests.native.test_run_invocation,test_run_script_parse,0.023,passed
tests.native.test_run_invocation,test_run_module_parse,0.021,passed
tests.native.test_run_invocation,test_run_absolute_python,0.020,passed
tests.native.test_run_invocation,test_interpreter_words_we_accept[python],0.001,passed
tests.native.test_run_invocation,test_interpreter_words_we_accept[python3],0.001,passed
tests.native.test_run_invocation,test_interpreter_words_we_accept[python3.13],0.000,passed
tests.native.test_run_invocation,test_interpreter_words_we_accept[python.exe],0.000,passed
tests.native.test_run_invocation,test_interpreter_words_we_accept[PYTHON.EXE],0.000,passed
tests.native.test_run_invocation,test_interpreter_words_we_accept[python3.11.exe],0.001,passed
tests.native.test_run_invocation,test_run_unsupported_command[make],0.000,passed
tests.native.test_run_invocation,test_run_unsupported_command[bash],0.000,passed
tests.native.test_run_invocation,test_run_unsupported_command[sh],0.001,passed
tests.native.test_run_invocation,test_run_unsupported_command[poetry],0.000,passed
tests.native.test_run_invocation,test_run_unsupported_command[uv],0.000,passed
tests.native.test_run_invocation,test_run_unsupported_command[conda],0.000,passed
tests.native.test_run_invocation,test_run_unsupported_command[Rscript],0.000,passed
tests.native.test_run_invocation,test_run_unsupported_command[py],0.000,passed
tests.native.test_run_invocation,test_run_unsupported_command[pythonw],0.000,passed
tests.native.test_run_invocation,test_run_unsupported_flag[-c],0.000,passed
tests.native.test_run_invocation,test_run_unsupported_flag[-],0.000,passed
tests.native.test_run_invocation,test_run_unsupported_flag[-S],0.000,passed
tests.native.test_run_invocation,test_run_unsupported_flag[-I],0.000,passed
tests.native.test_run_invocation,test_run_unsupported_flag[-E],0.000,passed
tests.native.test_run_invocation,test_run_unsupported_flag[-O],0.000,passed
tests.native.test_run_invocation,test_run_unsupported_flag[-X],0.000,passed
tests.native.test_run_invocation,test_run_unsupported_flag[-W],0.000,passed
tests.native.test_run_invocation,test_run_unsupported_flag[-B],0.000,passed
tests.native.test_run_invocation,test_run_unsupported_flag[--version],0.001,passed
tests.native.test_run_invocation,test_run_missing_target,0.000,passed
tests.native.test_run_invocation,test_run_invalid_module,0.104,passed
tests.native.test_run_invocation,test_a_missing_script_is_an_invocation_error_not_a_script_error,0.020,passed
tests.native.test_run_invocation,test_a_directory_target_is_not_a_script,0.023,passed
tests.native.test_run_invocation,test_interpreter_not_found,0.002,passed
tests.native.test_run_invocation,test_interpreter_path_that_is_not_a_file,0.001,passed
tests.native.test_run_invocation,test_probe_reads_the_real_interpreter,0.020,passed
tests.native.test_run_invocation,test_probe_rejects_an_old_python,0.001,passed
tests.native.test_run_invocation,test_probe_rejects_a_non_cpython,0.001,passed
tests.native.test_run_invocation,test_a_thing_that_runs_but_is_not_python_is_an_implementation_error,0.001,passed
tests.native.test_run_invocation,test_the_probe_never_imports_matplotlib,0.000,passed
tests.native.test_run_invocation,test_project_root_defaults_to_the_script_folder,0.021,passed
tests.native.test_run_invocation,test_project_root_climbs_to_an_existing_registry,0.020,passed
tests.native.test_run_invocation,test_project_root_never_climbs_past_max_parents,0.020,passed
tests.native.test_run_invocation,test_module_target_uses_cwd_as_the_project_root,0.020,passed
tests.native.test_run_invocation,test_explicit_project_does_not_change_cwd,0.022,passed
tests.native.test_run_invocation,test_bad_project_is_rejected,0.020,passed
tests.native.test_run_invocation,test_the_command_fingerprint_never_contains_argument_values,0.062,passed
tests.native.test_run_invocation,test_the_permission_key_ignores_the_target,0.042,passed
tests.native.test_run_invocation,test_the_permission_key_changes_with_the_interpreter,0.022,passed
tests.native.test_run_invocation,test_run_status_file_atomic,0.001,passed
tests.native.test_run_invocation,test_run_status_file_no_secrets,0.021,passed
tests.native.test_run_invocation,test_status_records_script_exit_and_tavotto_result_separately,0.021,passed
tests.native.test_run_invocation,test_the_run_cli_never_pulls_in_flask_or_matplotlib,0.074,passed
tests.native.test_run_invocation,test_dispatch_reaches_run_without_importing_the_app,0.001,passed
tests.test_aggregate_gate.TestFastGate,test_all_success_passes,0.001,passed
tests.test_aggregate_gate.TestFastGate,test_any_failure_fails,0.001,passed
tests.test_aggregate_gate.TestFastGate,test_cancelled_is_not_success,0.000,passed
tests.test_aggregate_gate.TestFastGate,test_skipped_is_not_success_in_fast_mode,0.001,passed
tests.test_aggregate_gate.TestFastGate,test_missing_required_job_fails,0.001,passed
tests.test_aggregate_gate.TestFastGate,test_unexpected_job_in_needs_fails,0.000,passed
tests.test_aggregate_gate.TestFastGate,test_unknown_result_string_fails,0.000,passed
tests.test_aggregate_gate.TestFastGate,test_matrix_job_aggregate_failure,0.001,passed
tests.test_aggregate_gate.TestIntegrationGate,test_mode_requires_an_explicit_flag,0.001,passed
tests.test_aggregate_gate.TestIntegrationGate,test_both_flags_is_a_config_error,0.000,passed
tests.test_aggregate_gate.TestIntegrationGate,test_plain_pr_all_skipped_is_deferred,0.000,passed
tests.test_aggregate_gate.TestIntegrationGate,test_plain_pr_with_real_results_is_enforced,0.000,passed
tests.test_aggregate_gate.TestIntegrationGate,test_partial_skip_is_failure_not_deferred,0.000,passed
tests.test_aggregate_gate.TestIntegrationGate,test_merge_group_may_not_defer,0.000,passed
tests.test_aggregate_gate.TestIntegrationGate,test_full_ci_pr_may_not_defer,0.000,passed
tests.test_aggregate_gate.TestIntegrationGate,test_require_heavy_rejects_skipped,0.000,passed
tests.test_aggregate_gate.TestIntegrationGate,test_require_heavy_all_success,0.000,passed
tests.test_aggregate_gate.TestIntegrationGate,test_require_heavy_missing_job_fails,0.000,passed
tests.test_aggregate_gate.TestInputs,test_invalid_json_is_a_config_error,0.000,passed
tests.test_aggregate_gate.TestInputs,test_needs_must_be_an_object,0.000,passed
tests.test_aggregate_gate.TestInputs,test_entry_without_result_is_a_config_error,0.001,passed
tests.test_aggregate_gate.TestInputs,test_empty_required_is_a_config_error,0.000,passed
tests.test_aggregate_gate.TestInputs,test_fast_mode_rejects_integration_flags,0.000,passed
tests.test_aggregate_gate.TestCli,test_success_exit_zero_with_machine_json,0.001,passed
tests.test_aggregate_gate.TestCli,test_failure_exit_one,0.001,passed
tests.test_aggregate_gate.TestCli,test_deferred_exit_zero_with_machine_readable_reason,0.001,passed
tests.test_aggregate_gate.TestCli,test_config_error_exit_two_and_fails_the_gate,0.001,passed
tests.test_aggregate_gate.TestCli,test_bad_json_exit_two,0.001,passed
tests.test_aggregate_gate.TestCli,test_summary_mentions_deferral,0.001,passed
tests.test_aggregate_gate.TestCli,test_always_gate_still_fails_after_upstream_failure,0.001,passed
tests.test_ai_history,test_roundtrip_and_end,0.003,passed
tests.test_ai_history,test_mark_interrupted_running,0.004,passed
tests.test_ai_history,test_list_search_filter_pagination,0.006,passed
tests.test_ai_history,test_pin_delete_purge,0.006,passed
tests.test_ai_history,test_capabilities_reports_uninstalled,0.005,passed
tests.test_ai_history,test_capabilities_agent_specific,0.006,passed
tests.test_ai_history,test_broken_candidate_falls_through,0.003,passed
tests.test_ai_history,test_start_install_reports_missing_npm,0.001,passed
tests.test_ai_history,test_cmd_passes_model_and_effort,0.001,passed
tests.test_ai_history,test_cmd_is_equivalent_to_the_pre_registry_shape,0.001,passed
tests.test_ai_history,test_cmd_injects_third_party_endpoint,0.001,passed
tests.test_ai_history,test_no_private_paths_in_cli_lookup,0.002,passed
tests.test_ai_history,test_build_prompt_normalized,0.001,passed
tests.test_ai_revert_atomic,test_a_failed_revert_leaves_the_user_script_byte_for_byte_intact,0.002,passed
tests.test_ai_revert_atomic,test_a_successful_revert_restores_the_snapshot_byte_for_byte,0.001,passed
tests.test_ai_revert_atomic,test_revert_writes_through_a_symlink_to_the_real_file,0.002,passed
tests.test_ai_revert_atomic,test_revert_refuses_a_symlink_that_escapes_the_project,0.002,passed
tests.test_ai_revert_atomic,test_revert_leaves_a_newer_mtime_so_the_watcher_can_see_it,0.001,passed
tests.test_ai_revert_atomic,test_revert_restores_the_permission_bits_from_the_snapshot,0.001,passed
tests.test_ai_revert_atomic,test_an_old_sidecar_without_a_project_field_still_reverts,0.002,passed
tests.test_annotate_asset,test_annotate_pdf_draws_vector_annotations,0.007,passed
tests.test_annotate_asset,test_annotate_regenerates_png_from_annotated_pdf,0.006,passed
tests.test_annotate_asset,test_annotate_rotated_text_direction_is_css_clockwise,0.006,passed
tests.test_artist_census_tool,test_relative_path_with_directories_still_finds_the_script,0.351,passed
tests.test_artist_census_tool,test_a_census_that_lists_gaps_must_not_exit_zero,1.032,passed
tests.test_artist_families,test_collection_family_is_registered,0.564,passed
tests.test_artist_families,test_patch_family_is_registered,0.025,passed
tests.test_artist_families,test_stem_is_one_series_not_three_loose_artists,0.031,passed
tests.test_artist_families,test_bar_and_errorbar_containers_are_unchanged,0.031,passed
tests.test_artist_families,test_color_mapped_collections_do_not_advertise_facecolor,0.036,passed
tests.test_artist_families,test_every_collection_can_be_stroked,0.035,passed
tests.test_artist_families,test_mapped_line_collections_leave_the_linecoll_family,0.106,passed
tests.test_artist_families,test_colorbar_and_its_mappable_are_one_alias_group,0.131,passed
tests.test_artist_families,test_marker_replacement_stays_a_scatter_only_contract,0.035,passed
tests.test_artist_families,test_stem_linestyle_undo_does_not_widen_the_dashes,0.197,passed
tests.test_artist_families,test_hatch_needs_both_a_face_and_a_draw_path_that_paints_it,0.036,passed
tests.test_artist_families,test_registered_artists_without_geometry_are_reported_not_dropped,0.022,passed
tests.test_artist_families,test_custom_subclass_inherits_family_support,0.026,passed
tests.test_artist_families,test_arc_is_a_normal_patch_fill_included,0.011,passed
tests.test_artist_families,test_unknown_artist_neither_crashes_nor_vanishes,0.022,passed
tests.test_artist_families,test_census_reports_what_is_not_in_the_element_table,0.030,passed
tests.test_artist_families,test_colorbar_axes_expose_only_the_colorbar,0.032,passed
tests.test_artist_families,test_every_family_prop_restores_exactly[FamColl],5.528,passed
tests.test_artist_families,test_every_family_prop_restores_exactly[FamPatch],0.337,passed
tests.test_artist_families,test_every_family_prop_restores_exactly[FamStairs],0.753,passed
tests.test_artist_families,test_every_family_prop_restores_exactly[FamCont],3.331,passed
tests.test_artist_families,test_every_family_prop_restores_exactly[FamCbar],0.996,passed
tests.test_artist_families,test_every_family_prop_restores_exactly[FamCustom],0.478,passed
tests.test_artist_families,test_representative_family_edits_actually_change_the_manifest[FamPatch-axes_0.patches_0-facecolor-#123456],0.010,passed
tests.test_artist_families,test_representative_family_edits_actually_change_the_manifest[FamPatch-axes_0.patches_3-hatch-//],0.010,passed
tests.test_artist_families,test_representative_family_edits_actually_change_the_manifest[FamColl-axes_0.collections_3-edgecolor-#123456],0.100,passed
tests.test_artist_families,test_representative_family_edits_actually_change_the_manifest[FamColl-axes_0.collections_4-cmap-plasma],0.101,passed
tests.test_artist_families,test_representative_family_edits_actually_change_the_manifest[FamColl-axes_0.linecoll_5-linewidth-3.0],0.101,passed
tests.test_artist_families,test_representative_family_edits_actually_change_the_manifest[FamCont-axes_0.stemseries_0-color-#123456],0.085,passed
tests.test_artist_families,test_consumed_markerline_keeps_its_old_gid_as_an_alias,0.057,passed
tests.test_artist_families,test_removing_a_legacy_alias_override_replays_the_series,0.084,passed
tests.test_artist_families,test_consumed_stemlines_keeps_its_old_collection_gid,0.112,passed
tests.test_artist_families,test_removing_the_stemlines_alias_replays_the_series_linewidth,0.112,passed
tests.test_artist_families,test_stem_props_stay_warning_free_now_that_the_stems_have_a_gid,0.224,passed
tests.test_artist_families,test_sparse_collections_do_not_claim_the_whole_subplot,0.035,passed
tests.test_artist_families,test_collection_linestyle_display_matches_the_handler,0.036,passed
tests.test_artist_families,test_instrument_does_not_mutate_the_figure,0.271,passed
tests.test_asset_library.TestCancelSemantics,test_cancel_before_any_execution_never_spawns_a_worker,0.002,passed
tests.test_asset_library.TestCancelSemantics,test_cancelled_worker_failure_is_not_misreported,0.002,passed
tests.test_asset_library.TestCancelSemantics,test_cancel_kills_the_running_probe,1.080,passed
tests.test_asset_library.TestRuntimeAssetListing,test_listing_never_executes_scripts,0.007,passed
tests.test_asset_library.TestRuntimeAssetListing,test_stems_with_disk_artifacts_are_file_assets_not_runtime,0.003,passed
tests.test_asset_library.TestRuntimeAssetListing,test_pyplot_capture_is_not_shadowed_by_a_stale_same_stem_file,0.007,passed
tests.test_asset_library.TestRuntimeAssetListing,test_bad_registry_pairs_do_not_break_the_listing,0.001,passed
tests.test_asset_library.TestRuntimeAssetListing,test_probe_then_listing_carries_the_descriptor,0.419,passed
tests.test_autosave,test_put_get_roundtrip,0.002,passed
tests.test_autosave,test_get_missing_404,0.001,passed
tests.test_autosave,test_put_rejects_bad_schema,0.001,passed
tests.test_autosave,test_doc_id_sanitized,0.001,passed
tests.test_autosave,test_delete_slot,0.002,passed
tests.test_autosave,test_stale_base_rejected_and_disk_untouched,0.002,passed
tests.test_autosave,test_fresh_base_accepted_and_advances,0.002,passed
tests.test_autosave,test_same_updated_at_is_not_a_conflict,0.001,passed
tests.test_autosave,test_no_base_never_checked,0.002,passed
tests.test_autosave,test_base_without_existing_file_writes,0.001,passed
tests.test_autosave,test_unreadable_or_baseless_disk_copy_writes,0.002,passed
tests.test_autosave,test_garbage_base_ignored,0.002,passed
tests.test_axes_traversal_authority,test_fig_axes_only_where_it_is_allowed[manifest.py],0.024,passed
tests.test_axes_traversal_authority,test_fig_axes_only_where_it_is_allowed[overrides.py],0.030,passed
tests.test_axes_traversal_authority,test_the_allowlist_has_no_dead_entries,0.049,passed
tests.test_browser_auth,test_api_default_deny_without_session,0.520,passed
tests.test_browser_auth,test_write_endpoints_default_deny,0.511,passed
tests.test_browser_auth,test_public_surface_is_minimal,0.520,passed
tests.test_browser_auth,test_bootstrap_flow_replay_and_forged_cookie,0.515,passed
tests.test_browser_auth,test_browser_cookie_has_max_age,0.510,passed
tests.test_browser_auth,test_legacy_bootstrap_alias_works,0.512,passed
tests.test_browser_auth,test_dns_rebinding_host_rejected,0.515,passed
tests.test_browser_auth,test_cross_origin_rejected_even_with_cookie,0.516,passed
tests.test_browser_auth,test_local_secret_header_authenticates,0.516,passed
tests.test_browser_auth,test_secret_file_permissions_and_cleanup,0.514,passed
tests.test_browser_auth,test_relaunch_handoff_issues_fresh_one_time_nonce,0.518,passed
tests.test_browser_auth,test_relaunch_rejects_wrong_secret,0.505,passed
tests.test_browser_auth,test_relaunch_nonce_does_not_kill_existing_session,0.509,passed
tests.test_browser_auth,test_session_ping,0.512,passed
tests.test_browser_auth,test_no_state_means_no_enforcement_and_no_session_endpoints,0.006,passed
tests.test_browser_auth,test_session_client_tolerates_missing_or_garbage_file,0.003,passed
tests.test_browser_auth,test_the_public_path_list_itself_is_pinned,0.001,passed
tests.test_browser_auth,test_every_registered_route_denies_without_session,0.563,passed
tests.test_browser_auth,test_the_unauthenticated_probe_does_not_follow_redirects,0.003,passed
tests.test_build_watchdog,test_output_resets_the_silence_clock,0.310,passed
tests.test_build_watchdog,test_silence_ends_it,0.161,passed
tests.test_build_watchdog,test_the_hard_ceiling_still_catches_a_printing_loop,0.303,passed
tests.test_build_watchdog,test_without_a_watchdog_the_behaviour_is_the_old_flat_one,0.204,passed
tests.test_build_watchdog,test_the_watchdog_can_see_the_real_log,0.007,passed
tests.test_build_watchdog,test_a_symlinked_cache_root_still_resolves,0.003,passed
tests.test_build_watchdog,test_only_build_gets_the_watchdog,0.003,passed
tests.test_build_watchdog,test_the_two_timeout_messages_say_different_things,0.002,passed
tests.test_build_watchdog,test_nobody_has_to_classify_the_script_any_more,0.002,passed
tests.test_build_watchdog,test_workerd_gets_the_same_predicate,0.002,passed
tests.test_build_watchdog,test_the_supervisor_request_carries_the_idle_field,0.001,passed
tests.test_ci_baseline,test_load_pages_reads_concatenated_objects_and_merged_arrays,0.001,passed
tests.test_ci_baseline,test_load_pages_rejects_empty_or_broken_output[],0.001,passed
tests.test_ci_baseline,test_load_pages_rejects_empty_or_broken_output[   \n],0.001,passed
tests.test_ci_baseline,"test_load_pages_rejects_empty_or_broken_output[{""a"": 1}\n{not json]",0.001,passed
tests.test_ci_baseline,test_jobs_from_pages_flattens_two_pages_and_checks_total_count,0.001,passed
tests.test_ci_baseline,test_jobs_from_pages_rejects_a_missing_page,0.001,passed
tests.test_ci_baseline,test_jobs_from_pages_rejects_an_empty_set,0.002,passed
tests.test_ci_baseline,test_jobs_from_pages_filters_by_attempt,0.001,passed
tests.test_ci_baseline,test_display_names_map_back_to_workflow_job_ids,0.003,passed
tests.test_ci_baseline,test_the_real_ci_yml_yields_the_two_gates_and_their_closed_sets,0.003,passed
tests.test_ci_baseline,test_sharded_display_names_map_back_to_the_job_id,0.001,passed
tests.test_ci_baseline,test_the_snapshot_is_the_workflow_the_fixture_runs_executed_under,0.004,passed
tests.test_ci_baseline,test_extract_rejects_a_block_needs_that_the_parser_cannot_read,0.001,passed
tests.test_ci_baseline,test_dependency_wait_and_runner_wait_are_different_axes,0.005,passed
tests.test_ci_baseline,test_feedback_qualification_and_critical_path,0.003,passed
tests.test_ci_baseline,test_qualification_never_uses_updated_at,0.003,passed
tests.test_ci_baseline,test_model_moves_heavy_jobs_to_start_after_frontend,0.002,passed
tests.test_ci_baseline,test_second_attempt_marks_copied_jobs_as_carried_over,0.002,passed
tests.test_ci_baseline,test_never_started_jobs_do_not_get_an_execution_time,0.002,passed
tests.test_ci_baseline,test_a_job_with_a_foreign_sha_is_refused,0.001,passed
tests.test_ci_baseline,test_a_completed_job_without_completed_at_is_refused,0.002,passed
tests.test_ci_baseline,test_every_edge_must_be_classified,0.001,passed
tests.test_ci_baseline,test_analyze_cli_refuses_an_empty_evidence_dir,0.004,passed
tests.test_ci_baseline,test_analyze_cli_writes_a_report_for_the_fixture,0.006,passed
tests.test_ci_qualification.TestVisualManifest,test_manifest_parses_and_covers_real_corpus,0.001,passed
tests.test_ci_qualification.TestVisualManifest,test_registry_stems_match_manifest,0.001,passed
tests.test_ci_qualification.TestVisualManifest,test_every_visual_exception_states_a_reason,0.002,passed
tests.test_ci_qualification.TestVisualManifest,test_render_width_is_a_real_bucket,0.001,passed
tests.test_ci_qualification.TestVisualManifest,test_tolerance_merge_keeps_case_override,0.001,passed
tests.test_ci_qualification.TestVisualComparison,test_identical_images_pass,0.004,passed
tests.test_ci_qualification.TestVisualComparison,test_antialias_noise_does_not_trip,0.002,passed
tests.test_ci_qualification.TestVisualComparison,test_moved_element_is_caught,0.002,passed
tests.test_ci_qualification.TestVisualComparison,test_colour_shift_is_caught,0.002,passed
tests.test_ci_qualification.TestVisualComparison,test_size_mismatch_is_a_regression_not_a_crash,0.002,passed
tests.test_ci_qualification.TestVisualComparison,test_diff_image_is_written_on_change,0.002,passed
tests.test_ci_qualification.TestVisualBaselinePolicy,test_update_baselines_is_refused_in_ci,0.001,passed
tests.test_ci_qualification.TestVisualBaselinePolicy,test_baseline_dir_lives_in_repo_not_state_root,0.001,passed
tests.test_ci_qualification.TestBenchmarkGate,test_regression_beyond_threshold_is_flagged,0.001,passed
tests.test_ci_qualification.TestBenchmarkGate,test_noise_below_threshold_passes,0.001,passed
tests.test_ci_qualification.TestBenchmarkGate,test_improvement_is_reported_not_punished,0.001,passed
tests.test_ci_qualification.TestBenchmarkGate,test_new_metric_does_not_fail_the_build,0.001,passed
tests.test_ci_qualification.TestBenchmarkGate,test_missing_baseline_is_not_a_pass_disguised_as_comparison,0.001,passed
tests.test_ci_qualification.TestBenchmarkGate,test_save_baseline_is_atomic_and_keeps_previous,0.002,passed
tests.test_ci_qualification.TestBenchmarkGate,test_baseline_records_metadata_that_makes_it_comparable,0.376,passed
tests.test_ci_qualification.TestBenchmarkGate,test_contaminated_environment_is_detected,0.001,passed
tests.test_ci_qualification.TestBenchmarkGate,test_load_is_judged_per_cpu_not_absolute,0.001,passed
tests.test_ci_qualification.TestBenchmarkGate,test_extract_metrics_skips_warm_cold_and_failed_exports,0.001,passed
tests.test_ci_qualification.TestSoakLeakDetection,test_stable_run_is_clean,0.001,passed
tests.test_ci_qualification.TestSoakLeakDetection,test_linear_fd_growth_is_a_leak,0.001,passed
tests.test_ci_qualification.TestSoakLeakDetection,test_linear_rss_growth_is_a_leak,0.001,passed
tests.test_ci_qualification.TestSoakLeakDetection,test_allocator_high_water_mark_is_not_a_leak,0.001,passed
tests.test_ci_qualification.TestSoakLeakDetection,test_worker_churn_is_flagged,0.001,passed
tests.test_ci_qualification.TestSoakLeakDetection,test_too_few_samples_is_inconclusive_not_pass,0.001,passed
tests.test_ci_qualification.TestSoakLeakDetection,test_warmup_samples_are_excluded,0.001,passed
tests.test_ci_qualification.TestUpgradeAcceptance,test_version_ordering,0.001,passed
tests.test_ci_qualification.TestUpgradeAcceptance,test_prereleases_are_never_chosen_as_baseline,0.001,passed
tests.test_ci_qualification.TestUpgradeAcceptance,test_baseline_must_be_older_than_candidate,0.003,passed
tests.test_ci_qualification.TestUpgradeAcceptance,test_explicit_tag_wins_without_network,0.001,passed
tests.test_ci_qualification.TestUpgradeAcceptance,test_project_path_exercises_cjk_and_space,0.001,passed
tests.test_ci_qualification.TestUpgradeAcceptance,test_traceback_detection_catches_real_shapes,0.001,passed
tests.test_ci_qualification.TestUpgradeAcceptance,test_traceback_detection_ignores_ordinary_lines,0.002,passed
tests.test_ci_qualification,test_every_lab_script_has_a_working_cli[lab_acceptance.py],0.035,passed
tests.test_ci_qualification,test_every_lab_script_has_a_working_cli[soak.py],0.050,passed
tests.test_ci_qualification,test_every_lab_script_has_a_working_cli[visual_regression.py],0.045,passed
tests.test_ci_qualification,test_every_lab_script_has_a_working_cli[benchmark.py],0.030,passed
tests.test_ci_qualification,test_every_lab_script_has_a_working_cli[upgrade_acceptance.py],0.045,passed
tests.test_ci_qualification,test_every_lab_script_has_a_working_cli[compat_matrix.py],0.041,passed
tests.test_ci_qualification,test_every_lab_script_has_a_working_cli[compat_driver.py],0.030,passed
tests.test_ci_qualification.TestUpgradeRenameBoundary,test_detects_package_rename,0.001,passed
tests.test_ci_qualification.TestUpgradeRenameBoundary,test_same_package_is_not_a_boundary,0.001,passed
tests.test_ci_qualification.TestUpgradeRenameBoundary,test_dist_name_parsing,0.001,passed
tests.test_ci_qualification.TestUpgradeRenameBoundary,test_skip_is_rendered_as_skip_not_pass,0.276,passed
tests.test_ci_qualification,test_slow_gate_reads_pytest_exit_code_not_its_human_output,0.001,passed
tests.test_ci_qualification,test_there_is_only_one_copy_of_the_slow_gate,0.003,passed
tests.test_ci_qualification,test_upgrade_acceptance_carries_session_credentials,0.001,passed
tests.test_ci_qualification,test_upgrade_acceptance_writes_the_document_shape_the_product_writes,0.001,passed
tests.test_ci_qualification.TestUpgradeAcceptanceReadback,test_layout_names_reads_the_string_list_the_product_returns,0.001,passed
tests.test_ci_qualification.TestUpgradeAcceptanceReadback,test_layout_names_also_accepts_named_entries,0.001,passed
tests.test_ci_qualification.TestUpgradeAcceptanceReadback,test_layout_names_refuses_a_shape_it_cannot_read,0.001,passed
tests.test_ci_qualification.TestUpgradeAcceptanceReadback,test_document_readback_wants_a_document_that_still_points_at_the_panel,0.001,passed
tests.test_ci_qualification.TestUpgradeAcceptanceReadback,test_state_the_old_version_failed_to_write_is_a_failed_check_not_a_skip,0.001,passed
tests.test_ci_qualification,test_no_app_request_anywhere_skips_auth,0.131,passed
tests.test_ci_qualification,test_the_central_request_helpers_carry_auth,0.004,passed
tests.test_ci_qualification,test_every_app_launcher_adopts_credentials,0.176,passed
tests.test_ci_qualification,test_session_credential_logic_has_a_single_implementation,0.108,passed
tests.test_ci_qualification,test_ci_credential_path_matches_session_client,0.001,passed
tests.test_ci_qualification,test_single_path_action_inputs_are_not_globs,0.004,passed
tests.test_ci_qualification,test_always_steps_do_not_depend_on_a_step_that_may_not_have_run,0.003,passed
tests.test_ci_qualification,test_summary_refuses_reports_from_another_run,0.276,passed
tests.test_ci_qualification,test_summary_keeps_this_runs_report_even_across_a_rerun,0.275,passed
tests.test_ci_qualification,test_every_report_writer_stamps_its_identity,0.019,passed
tests.test_ci_qualification,test_the_desktop_leg_no_longer_waits_for_anything,0.001,passed
tests.test_ci_qualification,test_the_ownership_predicate_has_exactly_one_implementation,0.006,passed
tests.test_ci_qualification,test_kill_stale_actually_reaches_a_runner_workspace_process,0.001,passed
tests.test_ci_qualification,test_preflight_reports_stale_processes_when_not_reaping,0.001,passed
tests.test_ci_qualification,test_preflight_self_heals_stale_processes,0.502,passed
tests.test_ci_qualification,test_self_heal_still_blocks_when_a_process_survives,0.513,passed
tests.test_ci_qualification,test_ownership_predicate_never_matches_a_maintainers_own_instance,0.003,passed
tests.test_ci_qualification,test_the_lab_workflows_actually_pass_reap_stale,0.003,passed
tests.test_ci_qualification,test_a_replacement_process_cannot_slip_through_the_grace_period,10.763,passed
tests.test_ci_qualification,test_an_explicit_root_is_actually_searched,0.007,passed
tests.test_ci_qualification,test_a_replacement_that_survives_sigkill_is_reported,0.504,passed
tests.test_ci_qualification,test_no_open_blockers_and_no_ack_passes,0.004,passed
tests.test_ci_qualification,test_a_stale_ack_with_no_open_blockers_is_refused,0.002,passed
tests.test_ci_qualification,test_an_unacked_blocker_blocks_and_is_listed,0.001,passed
tests.test_ci_qualification,test_an_exact_ack_passes_and_names_the_responsibility,0.001,passed
tests.test_ci_qualification,test_a_partial_ack_is_refused,0.001,passed
tests.test_ci_qualification,test_an_ack_naming_a_closed_issue_is_refused,0.001,passed
tests.test_ci_qualification,test_prs_are_not_blockers,0.001,passed
tests.test_ci_qualification,test_tag_push_gets_told_how_to_proceed,0.001,passed
tests.test_ci_qualification,test_ack_parsing_tolerates_human_input,0.001,passed
tests.test_ci_qualification,test_release_yml_wires_the_blocker_gate,0.001,passed
tests.test_ci_qualification,test_the_font_packages_are_one_list_on_both_sides,0.002,passed
tests.test_ci_qualification,test_preflight_blocks_when_the_oblique_face_is_missing,0.001,passed
tests.test_ci_qualification,test_preflight_passes_when_the_oblique_face_is_installed,0.001,passed
tests.test_ci_qualification,test_preflight_treats_unmeasurable_as_its_own_answer,0.001,passed
tests.test_ci_qualification,test_the_font_check_does_not_claim_more_than_it_measures,0.001,passed
tests.test_ci_qualification,test_only_offscreen_tick_labels_are_exempt_from_the_upgrade_check,0.001,passed
tests.test_ci_qualification,test_layout_url_percent_encodes_the_name,0.001,passed
tests.test_ci_qualification,test_missing_reachable_still_catches_a_real_loss,0.001,passed
tests.test_ci_qualification,test_an_empty_baseline_is_not_a_pass,0.001,passed
tests.test_ci_qualification,test_reachability_check_passes_and_fails_on_real_shapes,0.001,passed
tests.test_ci_tooling.TestPathSafety,test_accepts_path_inside_root,0.001,passed
tests.test_ci_tooling.TestPathSafety,test_rejects_path_outside_root,0.001,passed
tests.test_ci_tooling.TestPathSafety,test_rejects_dotdot_escape,0.001,passed
tests.test_ci_tooling.TestPathSafety,test_rejects_the_root_itself,0.001,passed
tests.test_ci_tooling.TestPathSafety,test_rejects_symlink_pointing_outside,0.001,passed
tests.test_ci_tooling.TestPathSafety,test_safe_rmtree_refuses_outside_and_keeps_file,0.001,passed
tests.test_ci_tooling.TestPathSafety,test_safe_rmtree_removes_inside,0.001,passed
tests.test_ci_tooling.TestStateRoot,test_env_override_wins,0.001,passed
tests.test_ci_tooling.TestStateRoot,test_default_is_not_runner_temp,0.001,passed
tests.test_ci_tooling.TestStateRoot,test_ensure_layout_creates_all_and_is_idempotent,0.002,passed
tests.test_ci_tooling.TestStateRoot,test_ensure_layout_reports_unwritable,0.001,passed
tests.test_ci_tooling.TestReports,test_write_report_is_atomic_and_parseable,0.002,passed
tests.test_ci_tooling.TestReports,test_run_metadata_carries_fields_that_make_baselines_comparable,0.292,passed
tests.test_ci_tooling.TestReports,test_summary_appends_to_github_step_summary,0.002,passed
tests.test_ci_tooling.TestReports,test_summary_falls_back_to_stdout,0.001,passed
tests.test_ci_tooling.TestCleanup,test_removes_only_expired,0.002,passed
tests.test_ci_tooling.TestCleanup,test_never_touches_protected_subtrees,0.002,passed
tests.test_ci_tooling.TestCleanup,test_dry_run_changes_nothing,0.002,passed
tests.test_ci_tooling.TestCleanup,test_sweeps_disposable_venvs,0.002,passed
tests.test_ci_tooling.TestCleanup,test_kill_stale_only_matches_this_state_root,0.001,skipped
tests.test_ci_tooling.TestPreflight,test_blocks_when_state_root_unwritable,0.001,passed
tests.test_ci_tooling.TestPreflight,test_unknown_memory_is_not_treated_as_insufficient,0.001,passed
tests.test_ci_tooling.TestPreflight,test_insufficient_memory_does_block,0.001,passed
tests.test_ci_tooling.TestPreflight,test_low_cpu_blocks,0.001,passed
tests.test_ci_tooling.TestPreflight,test_rust_only_required_for_deep_modes,0.001,passed
tests.test_ci_tooling.TestPreflight,test_missing_executable_blocks_with_remedy,0.001,passed
tests.test_ci_tooling.TestPreflight,test_disk_threshold_scales_with_mode,0.001,passed
tests.test_ci_tooling.TestPreflight,test_cli_exits_nonzero_when_blocked,0.640,passed
tests.test_ci_tooling.TestPreflight,test_cli_passes_on_a_healthy_root,0.004,passed
tests.test_ci_tooling,test_scripts_run_without_the_product_installed,0.063,passed
tests.test_cjk_figure_text,test_manifest_reports_the_face_that_draws_the_chinese_not_missing_glyphs,1.140,passed
tests.test_cjk_figure_text,test_pdf_text_layer_reads_back_the_chinese_and_embeds_a_cjk_face,0.004,passed
tests.test_cjk_figure_text,test_png_draws_two_different_chinese_glyphs_not_the_same_box,0.001,passed
tests.test_cjk_figure_text,test_preflight_does_not_call_the_rendered_chinese_a_violation,0.004,passed
tests.test_cjk_figure_text,test_without_the_tail_cjk_is_boxes_again,0.742,passed
tests.test_cjk_figure_text,test_latin_only_figures_render_identically_with_and_without_the_tail,0.812,passed
tests.test_cjk_figure_text,test_ensure_helpers_cover_texts_created_after_build_and_explicit_families,0.291,passed
tests.test_cjk_figure_text,test_cjk_character_class_is_the_same_on_both_processes,0.002,passed
tests.test_cjk_figure_text,test_font_collections_open_the_face_matplotlib_named_not_the_first_one,0.339,passed
tests.test_codex_install_cli,test_readme_and_cli_use_the_same_command,0.002,passed
tests.test_codex_install_cli,test_marketplace_name_matches_the_manifest,0.001,passed
tests.test_codex_install_cli,test_a_listed_but_uninstalled_plugin_is_not_mistaken_for_installed,1.122,passed
tests.test_codex_install_cli,test_uninstall_passes_the_configured_name_not_the_source,1.009,passed
tests.test_codex_install_cli,test_frozen_cli_does_not_use_itself_as_the_interpreter,0.621,passed
tests.test_codex_install_cli,test_codex_subcommand_runs_without_flask_or_pymupdf,0.046,passed
tests.test_codex_install_cli,test_missing_codex_cli_reports_a_stable_code_and_where_it_looked,0.001,passed
tests.test_codex_install_cli,test_find_codex_looks_beyond_path_and_says_where,0.002,passed
tests.test_codex_install_cli,test_install_is_idempotent_and_the_second_run_says_so,0.978,passed
tests.test_codex_install_cli,test_doctor_diagnoses_without_changing_anything,0.493,passed
tests.test_codex_install_cli,test_a_failing_step_stops_the_pipeline_and_names_itself,0.526,passed
tests.test_codex_install_cli,test_uninstall_removes_both_and_does_not_touch_the_engine,1.115,passed
tests.test_codex_install_cli,test_success_only_tells_the_user_to_open_a_new_session,0.874,passed
tests.test_codex_install_cli,test_install_pins_a_runnable_interpreter_when_the_command_cannot_start_the_launcher,1.001,passed
tests.test_codex_install_cli,test_the_pinned_interpreter_comes_from_the_plugins_own_resolver,1.062,passed
tests.test_codex_install_cli,test_doctor_reports_the_unusable_command_without_writing_anything,1.168,passed
tests.test_codex_install_cli,test_no_usable_interpreter_says_so_instead_of_pinning_something_broken,0.870,passed
tests.test_codex_install_cli,test_a_launcher_that_only_degrades_still_counts_as_startable,0.038,passed
tests.test_codex_install_cli,test_pinning_survives_crlf_manifests,0.002,passed
tests.test_codex_install_cli,test_a_silent_no_op_substitution_fails_loudly_instead_of_leaving_half_a_pair,0.002,passed
tests.test_codex_install_cli,test_pinning_is_all_or_nothing_when_the_second_file_fails,0.002,passed
tests.test_codex_install_cli,test_pinning_writes_through_a_symlinked_manifest,0.002,passed
tests.test_codex_install_cli,test_pinning_only_touches_the_dependency_command,0.002,passed
tests.test_codex_install_cli,test_real_codex_cli_install_then_doctor,0.000,skipped
tests.test_codex_install_cli,test_doctor_answers_the_four_questions_when_healthy,0.981,passed
tests.test_codex_install_cli,test_doctor_is_read_only_even_when_it_finds_problems,0.989,passed
tests.test_codex_install_cli,test_a_missing_canvas_is_named_not_folded_into_reinstall,1.112,passed
tests.test_codex_install_cli,test_a_pinned_launcher_does_not_make_the_canvas_step_cry_wolf,1.029,passed
tests.test_codex_install_cli,test_a_half_pinned_pair_is_reported_as_incomplete,0.984,passed
tests.test_codex_install_cli,test_unknown_marketplace_state_is_not_treated_as_absent,0.706,passed
tests.test_codex_install_cli,test_a_registered_marketplace_whose_entry_the_client_skips_is_named,1.066,passed
tests.test_codex_install_cli,test_a_legacy_local_snapshot_is_reported_with_the_upgrade_path,1.009,passed
tests.test_codex_install_cli,test_a_custom_source_is_left_alone,0.974,passed
tests.test_codex_install_cli,test_the_install_dir_is_the_version_codex_says_it_enabled,1.206,passed
tests.test_codex_install_cli,test_a_local_source_plugin_is_located_by_the_reported_path,0.996,passed
tests.test_codex_install_cli,test_a_text_only_client_still_gets_a_correct_diagnosis,1.052,passed
tests.test_codex_install_cli,test_an_engine_older_than_the_plugin_requires_is_named,1.004,passed
tests.test_codex_install_cli,test_json_output_parser_handles_pretty_printed_and_last_line_shapes,0.001,passed
tests.test_codex_install_cli,test_an_npm_codex_shim_is_still_askable_from_the_gui_path,1.835,passed
tests.test_codex_install_cli,test_unknown_state_names_the_missing_node_and_says_it_is_not_absent,0.001,passed
tests.test_codex_real_client,test_old_user_is_moved_to_the_stable_channel_by_marketplace_upgrade,3.149,passed
tests.test_codex_real_client,test_fresh_user_installs_the_stable_channel_directly,1.791,passed
tests.test_colorbar_orientation,test_vertical_to_horizontal_changes_the_actual_axes,1.336,passed
tests.test_colorbar_orientation,test_ticks_move_to_the_other_axis,1.286,passed
tests.test_colorbar_orientation,test_existing_colorbar_properties_survive_the_flip,0.662,passed
tests.test_colorbar_orientation,test_label_does_not_stay_behind_on_the_old_long_axis,0.644,passed
tests.test_colorbar_orientation,test_gids_are_untouched_by_the_flip,1.277,passed
tests.test_colorbar_orientation,test_semantic_identity_is_stable_and_points_at_the_host,1.271,passed
tests.test_colorbar_orientation,test_colorbar_reports_which_element_it_colours,1.273,passed
tests.test_colorbar_orientation,test_colorbar_without_a_registered_mappable_says_nothing,0.639,passed
tests.test_colorbar_orientation,test_axes_follow_still_links_host_and_colorbar,0.650,passed
tests.test_colorbar_orientation,test_undo_restores_the_original_layout_exactly,1.312,passed
tests.test_colorbar_orientation,test_flip_twice_is_idempotent_and_reversible,1.328,passed
tests.test_colorbar_orientation,test_hot_replay_and_fresh_worker_agree,1.478,passed
tests.test_colorbar_orientation,test_flip_composes_with_an_explicit_position_override,1.322,passed
tests.test_colorbar_orientation,test_flip_follows_a_host_move_made_in_the_same_batch,1.339,passed
tests.test_colorbar_orientation,test_extend_options_match_matplotlib,0.642,passed
tests.test_colorbar_orientation,test_extend_makes_room_for_the_triangles[both],1.284,passed
tests.test_colorbar_orientation,test_extend_makes_room_for_the_triangles[min],1.277,passed
tests.test_colorbar_orientation,test_extend_makes_room_for_the_triangles[max],1.299,passed
tests.test_colorbar_orientation,test_extend_matches_a_natively_built_colorbar,1.299,passed
tests.test_colorbar_orientation,test_extend_undo_returns_to_the_exact_original,1.456,passed
tests.test_colorbar_orientation,test_extend_is_idempotent_across_values,0.904,passed
tests.test_colorbar_orientation,test_extend_triangles_are_not_user_shapes,1.986,passed
tests.test_colorbar_orientation,test_extend_composes_with_the_orientation_flip,2.133,passed
tests.test_colorbar_orientation,test_extend_keeps_the_other_colorbar_properties,0.689,passed
tests.test_colorbar_orientation,test_extend_hot_replay_and_fresh_worker_agree,1.487,passed
tests.test_colorbar_orientation,test_left_colorbar_flips_to_the_top_not_the_bottom,1.281,passed
tests.test_colorbar_orientation,test_flipping_back_returns_a_left_colorbar_to_the_left,1.285,passed
tests.test_colorbar_orientation,test_the_multi_host_predicate_matches_matplotlib,0.275,passed
tests.test_colorbar_orientation,test_multi_host_colorbar_does_not_offer_orientation,0.518,passed
tests.test_colorbar_orientation,test_the_manifest_says_why_the_capability_is_missing,0.526,passed
tests.test_colorbar_orientation,test_a_single_host_colorbar_still_offers_orientation,0.512,passed
tests.test_colorbar_orientation,test_an_old_document_cannot_sneak_the_patch_through,1.053,passed
tests.test_colorbar_orientation,test_the_host_count_predicate_has_one_implementation,0.064,passed
tests.test_colorbar_resize,test_colorbar_element_proxies_its_geometry_to_the_colorbar_axes[CbarGrid],0.615,passed
tests.test_colorbar_resize,test_colorbar_element_proxies_its_geometry_to_the_colorbar_axes[CbarCax],0.615,passed
tests.test_colorbar_resize,test_colorbar_element_proxies_its_geometry_to_the_colorbar_axes[CbarExtend],0.613,passed
tests.test_colorbar_resize,test_inset_colorbar_does_not_claim_a_geometry_it_cannot_keep,0.600,passed
tests.test_colorbar_resize,test_user_placed_colorbar_axes_takes_any_rectangle,1.222,passed
tests.test_colorbar_resize,test_gridspec_colorbar_honours_the_requested_thickness[CbarGrid],1.207,passed
tests.test_colorbar_resize,test_gridspec_colorbar_honours_the_requested_thickness[CbarExtend],1.246,passed
tests.test_colorbar_resize,test_undo_puts_the_aspect_back,1.291,passed
tests.test_colorbar_resize,test_undo_hands_the_thickness_back_to_the_aspect,1.934,passed
tests.test_colorbar_resize,test_hot_session_matches_a_fresh_replay[grid],1.926,passed
tests.test_colorbar_resize,test_hot_session_matches_a_fresh_replay[extend],1.903,passed
tests.test_colorbar_resize,test_hot_session_matches_a_fresh_replay[position-then-extend],1.952,passed
tests.test_compat_product_routes,test_safe_probe_route_goes_through_the_product_endpoint,0.392,passed
tests.test_compat_product_routes,test_cli_open_route_spawns_the_real_cli,0.573,passed
tests.test_compat_product_routes,test_native_run_route_goes_through_the_product_control_plane,0.927,passed
tests.test_compat_product_routes,test_native_run_passes_savefig_through_to_disk,0.777,passed
tests.test_compat_product_routes,test_the_native_stage_ledger_is_the_declared_closed_set,0.001,passed
tests.test_compose_arrow,test_head_end_geometry,0.002,passed
tests.test_compose_arrow,test_head_none_is_plain_line,0.002,passed
tests.test_compose_arrow,test_head_both_trims_both_ends,0.002,passed
tests.test_compose_arrow,test_diagonal_head_on_unit_vector,0.002,passed
tests.test_compose_switched_shapes,test_every_switched_shape_draws_as_vector[box-0-rect],0.004,passed
tests.test_compose_switched_shapes,test_every_switched_shape_draws_as_vector[box-1-ellipse],0.004,passed
tests.test_compose_switched_shapes,test_every_switched_shape_draws_as_vector[box-2-polygon],0.003,passed
tests.test_compose_switched_shapes,test_every_switched_shape_draws_as_vector[box-3-rect],0.003,passed
tests.test_compose_switched_shapes,test_every_switched_shape_draws_as_vector[linear-0-line],0.003,passed
tests.test_compose_switched_shapes,test_every_switched_shape_draws_as_vector[linear-1-arrow],0.003,passed
tests.test_compose_switched_shapes,test_every_switched_shape_draws_as_vector[linear-2-line],0.003,passed
tests.test_compose_switched_shapes,test_box_chain_geometry_matches_each_kind,0.009,passed
tests.test_compose_switched_shapes,test_linear_chain_head_appears_and_disappears,0.007,passed
tests.test_compose_switched_shapes,test_switched_line_keeps_its_endpoints,0.003,passed
tests.test_compose_text,test_latin_wraps_by_word,0.003,passed
tests.test_compose_text,test_cjk_wraps_by_char,0.008,passed
tests.test_compose_text,test_explicit_newline_preserved,0.002,passed
tests.test_compose_text,test_mixed_script_single_line_advances,0.003,passed
tests.test_compose_text,test_baseline_matches_css_line_box,0.002,passed
tests.test_compose_text,test_second_line_offset_is_1_25em,0.002,passed
tests.test_compose_text,test_alignment[left],0.002,passed
tests.test_compose_text,test_alignment[center],0.002,passed
tests.test_compose_text,test_alignment[right],0.002,passed
tests.test_compose_text,test_empty_text_draws_nothing,0.001,passed
tests.test_compose_text,test_italic_and_bold_pick_matching_latin_fonts,0.005,passed
tests.test_compose_text,test_superscript_is_smaller_and_raised,0.002,passed
tests.test_compose_text,test_subscript_is_smaller_and_lowered,0.002,passed
tests.test_compose_text,test_plain_caret_and_underscore_stay_literal,0.002,passed
tests.test_compose_text,test_escaped_markers_render_literally,0.002,passed
tests.test_compose_text,test_long_unbroken_word_breaks_inside_word_to_stay_in_box,0.003,passed
tests.test_compose_text,test_long_word_gets_a_fresh_line_before_being_broken,0.003,passed
tests.test_compose_text,test_normal_words_wrap_exactly_as_before_the_force_break_fallback[60-expected0],0.005,passed
tests.test_compose_text,test_normal_words_wrap_exactly_as_before_the_force_break_fallback[30-expected1],0.004,passed
tests.test_compose_text,test_force_break_keeps_script_marks_on_each_char,0.003,passed
tests.test_compose_text,test_script_width_uses_smaller_size_for_wrapping,0.003,passed
tests.test_dependency_repair,test_import_names_are_not_distribution_names[PIL-Pillow],0.002,passed
tests.test_dependency_repair,test_import_names_are_not_distribution_names[cv2-opencv-python],0.002,passed
tests.test_dependency_repair,test_import_names_are_not_distribution_names[sklearn-scikit-learn],0.002,passed
tests.test_dependency_repair,test_import_names_are_not_distribution_names[skimage-scikit-image],0.002,passed
tests.test_dependency_repair,test_import_names_are_not_distribution_names[yaml-PyYAML],0.001,passed
tests.test_dependency_repair,test_import_names_are_not_distribution_names[bs4-beautifulsoup4],0.001,passed
tests.test_dependency_repair,test_import_names_are_not_distribution_names[dateutil-python-dateutil],0.002,passed
tests.test_dependency_repair,test_same_name_packages_still_need_explicit_registration,0.002,passed
tests.test_dependency_repair,test_an_unknown_import_is_never_installable,0.002,passed
tests.test_dependency_repair,test_project_declared_wins_and_carries_the_specifier,0.002,passed
tests.test_dependency_repair,test_a_private_package_becomes_installable_once_the_project_declares_it,0.002,passed
tests.test_dependency_repair,test_pyproject_dependencies_are_read,0.002,passed
tests.test_dependency_repair,test_declaration_files_are_never_modified,0.002,passed
tests.test_dependency_repair,test_malformed_metadata_does_not_block_repair,0.002,passed
tests.test_dependency_repair,test_package_option_injection_is_rejected[-r evil.txt],0.001,passed
tests.test_dependency_repair,test_package_option_injection_is_rejected[-revil.txt],0.001,passed
tests.test_dependency_repair,test_package_option_injection_is_rejected[--index-url=https://evil.example/simple],0.001,passed
tests.test_dependency_repair,test_package_option_injection_is_rejected[--index-url https://evil.example/simple],0.001,passed
tests.test_dependency_repair,test_package_option_injection_is_rejected[--target=/tmp/anywhere],0.001,passed
tests.test_dependency_repair,test_package_option_injection_is_rejected[https://evil.example/pkg.whl],0.001,passed
tests.test_dependency_repair,test_package_option_injection_is_rejected[git+https://github.com/evil/pkg.git],0.001,passed
tests.test_dependency_repair,test_package_option_injection_is_rejected[file:///etc/passwd],0.001,passed
tests.test_dependency_repair,test_package_option_injection_is_rejected[../local-package],0.001,passed
tests.test_dependency_repair,test_package_option_injection_is_rejected[./local],0.001,passed
tests.test_dependency_repair,test_package_option_injection_is_rejected[pkg @ https://evil.example/pkg.whl],0.001,passed
tests.test_dependency_repair,test_package_option_injection_is_rejected[pkg[extra]],0.001,passed
tests.test_dependency_repair,"test_package_option_injection_is_rejected[pkg;os_name==""nt""]",0.001,passed
tests.test_dependency_repair,test_package_option_injection_is_rejected[lmfit==1.3 --index-url http://evil.example],0.001,passed
tests.test_dependency_repair,test_package_option_injection_is_rejected[pkg==$(id)],0.001,passed
tests.test_dependency_repair,test_package_option_injection_is_rejected[pkg|cat /etc/passwd],0.001,passed
tests.test_dependency_repair,test_package_option_injection_is_rejected[pkg&&whoami],0.001,passed
tests.test_dependency_repair,test_package_option_injection_is_rejected[pkg`id`],0.001,passed
tests.test_dependency_repair,test_package_option_injection_is_rejected[],0.001,passed
tests.test_dependency_repair,test_package_option_injection_is_rejected[  ],0.001,passed
tests.test_dependency_repair,test_the_allowed_grammar_is_exactly_these_shapes[lmfit-lmfit-],0.001,passed
tests.test_dependency_repair,test_the_allowed_grammar_is_exactly_these_shapes[lmfit>=1.3-lmfit->=1.3],0.001,passed
tests.test_dependency_repair,test_the_allowed_grammar_is_exactly_these_shapes[scikit-learn==1.4.2-scikit-learn-==1.4.2],0.001,passed
tests.test_dependency_repair,test_the_allowed_grammar_is_exactly_these_shapes[pkg~=1.2-pkg-~=1.2],0.001,passed
tests.test_dependency_repair,"test_the_allowed_grammar_is_exactly_these_shapes[pkg>=1.2,<2-pkg->=1.2,<2]",0.001,passed
tests.test_dependency_repair,test_a_hostile_requirement_never_reaches_pip,0.002,passed
tests.test_dependency_repair,test_the_bundled_runtime_is_never_a_mutation_target,0.002,passed
tests.test_dependency_repair,test_pip_argv_is_a_list_wheels_only_and_never_upgrades,0.001,passed
tests.test_dependency_repair,test_pip_failures_get_distinguishable_codes[ERROR: Could not find a version that satisfies the requirement zzz (from versions: none)-dependency_not_found],0.001,passed
tests.test_dependency_repair,"test_pip_failures_get_distinguishable_codes[ERROR: Could not find a version that satisfies the requirement zzz (from versions: 1.0, 2.0)-dependency_requires_build]",0.001,passed
tests.test_dependency_repair,test_pip_failures_get_distinguishable_codes[WARNING: Retrying (Retry(total=4)) after connection broken by NewConnectionError\nERROR: Could not find a version that satisfies the requirement zzz (from versions: none)-dependency_network_unavailable],0.001,passed
tests.test_dependency_repair,test_pip_failures_get_distinguishable_codes[ERROR: ResolutionImpossible: for help visit \u2026-dependency_conflict],0.001,passed
tests.test_dependency_repair,test_pip_failures_get_distinguishable_codes[ERROR: something else entirely-dependency_install_failed],0.001,passed
tests.test_dependency_repair,test_install_endpoint_refuses_without_a_plan,0.004,passed
tests.test_dependency_repair,test_direct_install_call_refuses_an_unknown_plan,0.001,passed
tests.test_dependency_repair,test_the_plan_binds_the_requirement_not_the_request,1.618,passed
tests.test_dependency_repair,test_a_changed_environment_makes_the_plan_stale,1.506,passed
tests.test_dependency_repair,test_repair_rounds_are_capped,1.284,passed
tests.test_dependency_repair,test_an_unresolvable_module_gets_no_install_target,0.002,passed
tests.test_dependency_repair,test_user_specified_package_still_goes_through_the_grammar,0.002,passed
tests.test_dependency_repair,test_workers_on_the_mutating_environment_are_stopped,0.001,passed
tests.test_dependency_repair,test_a_new_session_is_refused_while_the_environment_is_mutating,0.002,passed
tests.test_dependency_repair,test_rebuild_and_install_are_mutually_exclusive,0.003,passed
tests.test_dependency_repair,test_two_installs_on_one_environment_do_not_overlap,0.001,passed
tests.test_dependency_repair,test_managed_environments_are_project_scoped,0.002,passed
tests.test_dependency_repair,test_managed_environment_lives_in_the_data_dir_not_in_the_project,0.002,passed
tests.test_dependency_repair,test_a_half_built_managed_environment_is_not_reused,0.003,passed
tests.test_dependency_repair,test_a_directory_we_did_not_create_is_never_adopted,0.002,passed
tests.test_dependency_repair,test_the_manifest_records_what_we_installed,0.003,passed
tests.test_dependency_repair,test_the_worker_self_test_really_runs_a_worker,0.372,passed
tests.test_dependency_repair,test_imports_can_pass_while_the_worker_still_cannot_run,1.554,passed
tests.test_dependency_repair,test_managed_venv_creation_is_isolated_and_minimal,0.002,passed
tests.test_dependency_repair,test_an_environment_without_pip_is_reported_not_silently_fixed,1.521,passed
tests.test_dependency_repair,test_a_relative_interpreter_path_cannot_escape_the_project[../../../../usr/bin/python3],0.005,passed
tests.test_dependency_repair,test_a_relative_interpreter_path_cannot_escape_the_project[.venv/../../../../bin/sh],0.004,passed
tests.test_dependency_repair,test_a_relative_interpreter_path_cannot_escape_the_project[../../../somewhere/python],0.003,passed
tests.test_dependency_repair,test_contained_path_pins_candidates_inside_the_root,0.002,passed
tests.test_dependency_repair,test_reset_state_really_forgets_attempted_repairs,2.002,passed
tests.test_dependency_repair,test_managed_base_python_must_be_in_the_support_range,0.003,passed
tests.test_dependency_repair,test_managed_environment_is_not_offered_without_a_base_python,0.003,passed
tests.test_dependency_repair,test_a_healthy_system_interpreter_is_offered_as_adoption_not_installation,0.003,passed
tests.test_dependency_repair,test_a_rejected_system_interpreter_is_explained_not_hidden,0.006,passed
tests.test_dependency_repair,test_system_adoption_needs_neither_a_package_name_nor_repair_rounds,0.005,passed
tests.test_dependency_repair,test_the_offer_does_not_start_interpreters_for_system_candidates,0.003,passed
tests.test_dependency_repair,test_install_logs_never_carry_the_package_index,0.005,passed
tests.test_dependency_repair,test_diagnostics_state_carries_no_paths,0.003,passed
tests.test_dependency_repair,test_custom_index_is_reported_as_a_boolean_never_as_a_url,0.001,passed
tests.test_desktop_i18n,test_both_tables_cover_every_field,0.003,passed
tests.test_desktop_i18n,test_english_table_has_no_chinese,0.002,passed
tests.test_desktop_i18n,test_interpolation_placeholders_match_across_languages,0.002,passed
tests.test_desktop_i18n,test_menu_and_ui_agree_on_shared_actions[zh-CN-ZH],0.003,passed
tests.test_desktop_i18n,test_menu_and_ui_agree_on_shared_actions[en-US-EN],0.002,passed
tests.test_desktop_i18n,test_shell_page_carries_both_languages[splash.html],0.001,passed
tests.test_desktop_i18n,test_shell_page_carries_both_languages[error.html],0.001,passed
tests.test_desktop_i18n,test_shell_page_normalizes_locale_the_same_way[splash.html],0.001,passed
tests.test_desktop_i18n,test_shell_page_normalizes_locale_the_same_way[error.html],0.001,passed
tests.test_desktop_i18n,test_error_page_shows_the_raw_message_untranslated,0.001,passed
tests.test_desktop_i18n,test_set_menu_locale_is_declared_in_all_three_places,0.002,passed
tests.test_desktop_i18n,test_language_switch_does_not_touch_accelerators,0.001,passed
tests.test_desktop_sidecar,test_dynamic_port_never_fixed,0.507,passed
tests.test_desktop_sidecar,test_two_sidecars_get_distinct_ports,1.009,passed
tests.test_desktop_sidecar,test_handshake_ready_no_secret,0.511,passed
tests.test_desktop_sidecar,test_handshake_error_and_cleanup,0.514,passed
tests.test_desktop_sidecar,test_bootstrap_flow_and_replay,0.519,passed
tests.test_desktop_sidecar,test_sse_and_exports_require_auth,0.515,passed
tests.test_desktop_sidecar,test_public_paths_no_auth,0.510,passed
tests.test_desktop_sidecar,test_host_check,0.509,passed
tests.test_desktop_sidecar,test_origin_check,0.511,passed
tests.test_desktop_sidecar,test_updater_disabled_in_desktop,0.514,passed
tests.test_desktop_sidecar,test_graceful_shutdown_frees_port,0.511,passed
tests.test_desktop_sidecar,test_parent_stdin_eof_triggers_shutdown,0.513,passed
tests.test_desktop_sidecar,test_read_credentials_env_takes_priority_and_is_scrubbed,0.004,passed
tests.test_desktop_sidecar,test_read_credentials_from_stdin_line,0.003,passed
tests.test_desktop_sidecar,test_read_credentials_tty_never_blocks,0.002,passed
tests.test_desktop_sidecar,test_run_refuses_without_nonce,0.004,passed
tests.test_desktop_sidecar,test_engine_subprocess_calls_never_pop_console_windows,0.005,passed
tests.test_desktop_sidecar,test_no_window_flag_value,0.002,passed
tests.test_desktop_sidecar,test_browser_mode_untouched,0.002,passed
tests.test_diagnostics_bundle,test_get_bundle_still_works_and_keeps_the_old_three_files,0.631,passed
tests.test_diagnostics_bundle,test_manifest_declares_its_own_schema,0.118,passed
tests.test_diagnostics_bundle,test_report_and_config_still_redact_home_and_secrets,0.119,passed
tests.test_diagnostics_bundle,test_post_bundle_includes_frontend_state_and_trace,0.113,passed
tests.test_diagnostics_bundle,test_trace_is_jsonl_one_valid_json_per_line,0.111,passed
tests.test_diagnostics_bundle,test_empty_frontend_payload_still_produces_a_bundle,0.113,passed
tests.test_diagnostics_bundle,test_invalid_json_body_degrades_instead_of_failing,0.117,passed
tests.test_diagnostics_bundle,test_too_many_events_are_truncated_to_the_most_recent,0.124,passed
tests.test_diagnostics_bundle,test_chunked_body_without_content_length_still_respects_the_limit,0.184,passed
tests.test_diagnostics_bundle,test_chunked_body_under_the_limit_is_accepted_in_full,0.117,passed
tests.test_diagnostics_bundle,test_oversize_request_is_dropped_but_the_bundle_still_comes_out,0.207,passed
tests.test_diagnostics_bundle,test_free_text_never_survives_the_server_side_check[Experimental results for Fig. 3],0.002,passed
tests.test_diagnostics_bundle,test_free_text_never_survives_the_server_side_check[/Users/private-user-name/paper.py],0.001,passed
tests.test_diagnostics_bundle,test_free_text_never_survives_the_server_side_check[\u5b9e\u9a8c\u7ed3\u679c\u5bf9\u6bd4],0.001,passed
tests.test_diagnostics_bundle,test_free_text_never_survives_the_server_side_check[aaaaaaaaaaaaaaaaaaaaaaaaaaaaaaaaaaaaaaaaaaaaaaaaaaaaaaaaaaaaaaaaaaaaaaaaaaaaaaaaaaaaaaaaaaaaaaaaaaaaaaaaaaaaaaaaaaaaaaaaaaaaaaaaaaaaaaaaaaaaaaaaaaaaaaaaaaaaaaaaaaaaaaaaaaaaaaaaaaaaaaaaaaaaaaaaaaaaaaaa],0.001,passed
tests.test_diagnostics_bundle,test_api_key_shaped_value_is_rejected_by_the_redactor,0.001,passed
tests.test_diagnostics_bundle,test_a_field_legal_on_one_event_is_illegal_on_another,0.001,passed
tests.test_diagnostics_bundle,test_closed_set_fields_reject_content_shaped_tokens[selection_kind-SUPER_SECRET_PAPER_TITLE_12345],0.001,passed
tests.test_diagnostics_bundle,test_closed_set_fields_reject_content_shaped_tokens[history_mode-SUPER_SECRET_PAPER_TITLE_12345],0.001,passed
tests.test_diagnostics_bundle,test_closed_set_fields_reject_content_shaped_tokens[render_status-SUPER_SECRET_PAPER_TITLE_12345],0.001,passed
tests.test_diagnostics_bundle,test_closed_set_fields_reject_content_shaped_tokens[kind-SUPER_SECRET_PAPER_TITLE_12345],0.001,passed
tests.test_diagnostics_bundle,test_closed_set_fields_reject_content_shaped_tokens[preview_mode-SUPER_SECRET_PAPER_TITLE_12345],0.001,passed
tests.test_diagnostics_bundle,test_closed_set_fields_reject_content_shaped_tokens[preview_reason-SUPER_SECRET_PAPER_TITLE_12345],0.001,passed
tests.test_diagnostics_bundle,test_preview_representation_survives_the_backend_sanitiser,0.001,passed
tests.test_diagnostics_bundle,test_never_estimated_stays_none_instead_of_becoming_zero,0.001,passed
tests.test_diagnostics_bundle,test_preview_enums_come_from_previewbudget_not_a_second_list,0.001,passed
tests.test_diagnostics_bundle,test_unknown_event_type_is_dropped,0.001,passed
tests.test_diagnostics_bundle,test_unknown_container_shapes_are_dropped,0.001,passed
tests.test_diagnostics_bundle,test_patch_and_geometry_shapes_survive,0.001,passed
tests.test_diagnostics_bundle,test_patch_value_is_rejected_outright,0.001,passed
tests.test_diagnostics_bundle,test_nan_and_inf_geometry_are_rejected,0.001,passed
tests.test_diagnostics_bundle,test_deeply_nested_payload_is_rejected,0.001,passed
tests.test_diagnostics_bundle,test_snapshot_falls_back_instead_of_propagating_bad_values,0.001,passed
tests.test_diagnostics_bundle,test_snapshot_of_a_non_dict_is_none,0.001,passed
tests.test_diagnostics_bundle,test_event_fields_match_frontend_schema,0.003,passed
tests.test_diagnostics_bundle,test_no_secret_string_appears_anywhere_in_the_bundle,0.117,passed
tests.test_diagnostics_bundle,test_readme_says_what_is_and_is_not_included,0.110,passed
tests.test_diagnostics_bundle,test_readme_does_not_promise_files_that_are_not_there,0.110,passed
tests.test_diagnostics_bundle,test_recent_project_inventory_is_reduced_to_a_count,0.114,passed
tests.test_discover,test_main_dialect_with_fstring_resolved_against_disk,0.003,passed
tests.test_discover,test_render_dialect_and_ext_stripped,0.002,passed
tests.test_discover,test_inline_main_dialect,0.002,passed
tests.test_discover,test_unresolved_fstring_reported_not_guessed,0.003,passed
tests.test_discover,test_unrelated_ternary_string_is_not_a_stem,0.002,passed
tests.test_discover,test_ternary_directly_in_savefig_registers_both_branches,0.002,passed
tests.test_discover,test_paper_style_and_helpers_skipped,0.002,passed
tests.test_discover,test_conflict_excluded_from_draft_and_reported,0.002,passed
tests.test_discover,test_draft_loads_into_registry,0.002,passed
tests.test_discover,test_merge_existing_registry_wins,0.002,passed
tests.test_discover,test_merge_appends_new_stems_to_existing_script,0.002,passed
tests.test_discover,test_wrapper_function_and_constant_loop_are_resolved,0.002,passed
tests.test_discover,test_runtime_only_names_reported_not_guessed,0.002,passed
tests.test_discover,test_path_algebra_with_suffix_and_join,0.002,passed
tests.test_discover,test_subdirectories_are_scanned,0.002,passed
tests.test_discover,test_custom_entry_name_accepted,0.002,passed
tests.test_discover,test_non_plotting_module_stays_quiet,0.002,passed
tests.test_discover,test_registry_write_is_atomic,0.003,passed
tests.test_discover,test_concurrent_registry_writes_do_not_share_a_temp_file,0.003,passed
tests.test_distribution_metrics,test_asset_classification[Tavotto-0.8.0-macOS.dmg-installer-macos],0.002,passed
tests.test_distribution_metrics,test_asset_classification[Tavotto-0.8.0-Windows-Setup.exe-installer-windows],0.001,passed
tests.test_distribution_metrics,test_asset_classification[Tavotto.app.tar.gz-updater-macos],0.001,passed
tests.test_distribution_metrics,test_asset_classification[Tavotto.app.tar.gz.sig-checksum-macos],0.001,passed
tests.test_distribution_metrics,test_asset_classification[Tavotto_0.8.0_x64-setup.nsis.zip-updater-windows],0.001,passed
tests.test_distribution_metrics,test_asset_classification[Tavotto_0.8.0_x64-setup.nsis.zip.sig-checksum-windows],0.001,passed
tests.test_distribution_metrics,test_asset_classification[latest.json-update_check-any],0.001,passed
tests.test_distribution_metrics,test_asset_classification[tavotto-0.8.0-py3-none-any.whl-wheel-any],0.001,passed
tests.test_distribution_metrics,test_asset_classification[tavotto-0.8.0.tar.gz-sdist-any],0.001,passed
tests.test_distribution_metrics,test_asset_classification[codex-plugin.json-plugin_manifest-any],0.001,passed
tests.test_distribution_metrics,test_asset_classification[codex-plugin.json.sha256-checksum-any],0.001,passed
tests.test_distribution_metrics,test_asset_classification[codex-plugin-0.8.0.zip-plugin-any],0.001,passed
tests.test_distribution_metrics,test_asset_classification[codex-plugin-0.12.0.tar.gz-other-other],0.001,passed
tests.test_distribution_metrics,test_asset_classification[SHA256SUMS.txt-checksum-any],0.001,passed
tests.test_distribution_metrics,test_asset_classification[artifact-manifest.json-checksum-any],0.001,passed
tests.test_distribution_metrics,test_asset_classification[artifact-manifest-python.json-checksum-any],0.001,passed
tests.test_distribution_metrics,test_asset_classification[some-unlabelled-artifact.bin-other-other],0.001,passed
tests.test_distribution_metrics,test_updater_payloads_are_never_counted_as_installers,0.002,passed
tests.test_distribution_metrics,test_plugin_manifest_polls_are_not_plugin_downloads,0.001,passed
tests.test_distribution_metrics,test_automated_traffic_never_lands_in_human_downloads,0.001,passed
tests.test_distribution_metrics,test_dashboard_sections_cover_exactly_the_collector_partition,0.002,passed
tests.test_distribution_metrics,test_every_classifier_role_is_reachable_from_some_dashboard_section,0.001,passed
tests.test_distribution_metrics,test_role_filtered_metrics_carry_the_role_resolution_rule,0.001,passed
tests.test_distribution_metrics,test_automated_roles_are_never_labelled_as_downloads,0.001,passed
tests.test_distribution_metrics,test_sdist_and_macos_updater_share_a_suffix_but_not_a_role,0.001,passed
tests.test_distribution_metrics,test_unknown_assets_fall_back_to_other_not_installer,0.001,passed
tests.test_distribution_metrics,test_download_counts_are_sent_as_cumulative_snapshots,0.001,passed
tests.test_distribution_metrics,test_asset_id_is_the_identity_not_the_filename,0.001,passed
tests.test_distribution_metrics,test_snapshot_keys_are_deterministic_per_asset_and_day,0.002,passed
tests.test_distribution_metrics,test_repo_snapshot_is_collected,0.002,passed
tests.test_distribution_metrics,test_only_without_mirrors_is_used,0.002,passed
tests.test_distribution_metrics,test_healing_window_bounds_and_deduplicates,0.001,passed
tests.test_distribution_metrics,test_reruns_produce_identical_pypi_snapshot_keys,0.001,passed
tests.test_distribution_metrics,test_pypi_failures_are_skipped_not_fatal[404-\u7edf\u8ba1\u6570\u636e],0.001,passed
tests.test_distribution_metrics,test_pypi_failures_are_skipped_not_fatal[429-\u9650\u6d41],0.001,passed
tests.test_distribution_metrics,test_pypi_failures_are_skipped_not_fatal[500-HTTP 500],0.001,passed
tests.test_distribution_metrics,test_pypi_failures_are_skipped_not_fatal[None-\u53d6\u4e0d\u5230],0.001,passed
tests.test_distribution_metrics,test_404_is_not_described_as_unpublished,0.001,passed
tests.test_distribution_metrics,test_missing_pypi_package_still_collects_github,0.015,passed
tests.test_distribution_metrics,test_github_failures_are_still_loud,0.001,passed
tests.test_distribution_metrics,test_every_collected_event_passes_the_proxy_schema,0.001,passed
tests.test_distribution_metrics,test_dry_run_transmits_nothing,0.001,passed
tests.test_distribution_metrics,test_missing_token_fails_loudly_instead_of_silently_skipping,0.001,passed
tests.test_distribution_metrics,test_upstream_failure_is_a_nonzero_exit,0.001,passed
tests.test_distribution_metrics,test_summary_keeps_installers_and_updaters_apart,0.001,passed
tests.test_distribution_metrics,test_the_four_hundred_that_burned_six_days_now_names_itself,0.001,passed
tests.test_distribution_metrics,test_unauthorized_is_not_folded_into_rejected,0.001,passed
tests.test_distribution_metrics,test_server_error_is_not_our_payload,0.001,passed
tests.test_distribution_metrics,test_network_failure_is_unknown_not_rejected,0.001,passed
tests.test_distribution_metrics,test_two_hundred_with_the_wrong_shape_is_unknown_not_success[<html>Sign in to the network</html>],0.001,passed
tests.test_distribution_metrics,"test_two_hundred_with_the_wrong_shape_is_unknown_not_success[{""ok"": true}]",0.001,passed
tests.test_distribution_metrics,"test_two_hundred_with_the_wrong_shape_is_unknown_not_success[{""ok"": true, ""accepted"": 1}]",0.001,passed
tests.test_distribution_metrics,"test_two_hundred_with_the_wrong_shape_is_unknown_not_success[{""ok"": false, ""accepted"": 3}]",0.001,passed
tests.test_distribution_metrics,test_the_right_shape_is_accepted,0.001,passed
tests.test_distribution_metrics,test_every_tier_has_its_own_exit_code,0.001,passed
tests.test_distribution_metrics,test_the_token_never_reaches_the_log[400],0.001,passed
tests.test_distribution_metrics,test_the_token_never_reaches_the_log[401],0.001,passed
tests.test_distribution_metrics,test_the_token_never_reaches_the_log[500],0.001,passed
tests.test_distribution_metrics,test_control_characters_cannot_forge_a_log_line,0.001,passed
tests.test_distribution_metrics,test_missing_token_on_the_canonical_repo_is_a_real_failure,0.001,passed
tests.test_distribution_metrics,test_missing_token_on_a_fork_is_expected_not_a_failure,0.001,passed
tests.test_distribution_metrics,test_an_unrecognised_repo_is_not_downgraded_to_expected[],0.001,passed
tests.test_distribution_metrics,test_an_unrecognised_repo_is_not_downgraded_to_expected[   ],0.001,passed
tests.test_distribution_metrics,test_an_unrecognised_repo_is_not_downgraded_to_expected[Tavotto],0.001,passed
tests.test_distribution_metrics,test_an_unrecognised_repo_is_not_downgraded_to_expected[not-a-repo],0.001,passed
tests.test_distribution_metrics,test_token_situation_is_a_closed_enumeration,0.001,passed
tests.test_distribution_metrics,test_rate_limiting_is_not_a_permanent_rejection,0.001,passed
tests.test_distribution_metrics,test_rate_limiting_without_a_retry_after_still_says_so,0.001,passed
tests.test_distribution_metrics,test_the_token_check_runs_before_the_scrubber_not_after,0.001,passed
tests.test_distribution_metrics,test_a_token_split_by_control_characters_is_still_caught,0.001,passed
tests.test_docs_references,test_the_corpus_is_actually_there,0.002,passed
tests.test_docs_references,test_adr_numbers_are_unique,0.001,passed
tests.test_docs_references,test_every_markdown_file_here_is_either_an_adr_or_a_known_exception,0.001,passed
tests.test_docs_references,test_there_are_links_to_check,0.034,passed
tests.test_docs_references,test_every_relative_doc_link_resolves,0.014,passed
tests.test_document_persistence,test_write_json_replaces_atomically_and_leaves_no_tmp,0.003,passed
tests.test_document_persistence,test_write_json_fsyncs_the_file_before_replacing,0.003,passed
tests.test_document_persistence,test_write_json_rejects_non_finite_before_touching_disk,0.003,passed
tests.test_document_persistence,test_replace_failure_keeps_the_old_file_and_cleans_up,0.003,passed
tests.test_document_persistence,test_content_revision_tracks_content_not_mtime,0.003,passed
tests.test_document_persistence,test_validate_rejects_future_schema_with_its_own_code,0.001,passed
tests.test_document_persistence,test_validate_rejects_non_documents[raw0],0.001,passed
tests.test_document_persistence,test_validate_rejects_non_documents[raw1],0.001,passed
tests.test_document_persistence,test_validate_rejects_non_documents[raw2],0.001,passed
tests.test_document_persistence,test_validate_rejects_non_documents[raw3],0.001,passed
tests.test_document_persistence,test_reserved_stems_are_derived_from_the_real_filenames,0.001,passed
tests.test_document_persistence,test_autosave_put_rejects_non_finite_and_keeps_disk,0.003,passed
tests.test_document_persistence,test_autosave_exposes_revision_on_write_and_read,0.004,passed
tests.test_document_persistence,test_autosave_put_reports_future_schema,0.002,passed
tests.test_document_persistence,test_layout_save_is_atomic,0.003,passed
tests.test_document_persistence,test_layout_save_rejects_non_finite,0.002,passed
tests.test_document_persistence,test_layout_save_round_trips_a_project_document,0.003,passed
tests.test_document_persistence,test_layout_save_rejects_things_that_are_not_documents[raw0],0.002,passed
tests.test_document_persistence,test_layout_save_rejects_things_that_are_not_documents[raw1],0.003,passed
tests.test_document_persistence,test_layout_save_rejects_things_that_are_not_documents[raw2],0.003,passed
tests.test_document_persistence,test_layout_save_rejects_things_that_are_not_documents[raw3],0.002,passed
tests.test_document_persistence,test_layout_save_reports_future_schema_and_keeps_the_old_file,0.003,passed
tests.test_document_persistence,test_legacy_styles_file_is_not_listed_as_a_document,0.003,passed
tests.test_document_persistence,test_reserved_name_is_not_reachable_through_the_document_api,0.003,passed
tests.test_document_persistence,test_revision_baseline_blocks_a_write_over_someone_elses_content,0.003,passed
tests.test_document_persistence,test_matching_revision_passes_and_advances,0.003,passed
tests.test_document_persistence,test_absent_sentinel_blocks_the_second_tab_creating_the_same_document,0.003,passed
tests.test_document_persistence,test_absent_sentinel_passes_when_the_slot_really_is_empty,0.003,passed
tests.test_document_persistence,test_a_hash_baseline_still_recreates_a_file_deleted_outside,0.003,passed
tests.test_document_persistence,test_base_revision_wins_over_base_when_both_are_sent,0.003,passed
tests.test_document_persistence,test_stale_write_still_guards_clients_that_send_no_revision,0.003,passed
tests.test_document_persistence,test_document_summary_reports_two_time_dimensions_and_none_when_unreadable,0.003,passed
tests.test_document_persistence,test_version_records_canvas_identity_and_omits_it_when_absent,0.003,passed
tests.test_document_persistence,test_auto_checkpoint_dedup_is_per_canvas,0.003,passed
tests.test_document_persistence,test_directory_fsync_failure_is_not_swallowed,0.002,passed
tests.test_document_persistence,test_directory_fsync_unsupported_is_still_ignored,0.002,passed
tests.test_document_persistence,test_a_directory_that_cannot_be_opened_is_not_a_failure,0.002,passed
tests.test_document_persistence,test_autosave_get_does_not_hand_out_an_open_file_handle,0.003,passed
tests.test_document_persistence,test_the_revision_header_describes_the_bytes_it_just_served,0.003,passed
tests.test_document_persistence,test_two_concurrent_creates_cannot_both_win,10.017,passed
tests.test_document_persistence,test_the_returned_revision_is_read_while_we_still_hold_the_lock,0.007,passed
tests.test_document_persistence,test_frontend_and_backend_agree_on_the_current_schema,0.002,passed
tests.test_document_persistence,test_save_as_exposes_the_revision_of_the_bytes_it_served,0.003,passed
tests.test_document_persistence,test_save_as_without_a_baseline_still_writes,0.003,passed
tests.test_document_persistence,test_save_as_absent_sentinel_blocks_overwriting_a_file_i_never_read,0.003,passed
tests.test_document_persistence,test_save_as_with_the_current_revision_passes_and_advances,0.003,passed
tests.test_document_persistence,test_save_as_reuses_the_one_conflict_predicate,0.002,passed
tests.test_document_persistence,test_two_concurrent_save_as_cannot_both_win,10.014,passed
tests.test_document_persistence,test_loads_document_rejects_every_non_finite_literal[NaN],0.003,passed
tests.test_document_persistence,test_loads_document_rejects_every_non_finite_literal[Infinity],0.003,passed
tests.test_document_persistence,test_loads_document_rejects_every_non_finite_literal[-Infinity],0.001,passed
tests.test_document_persistence,test_loads_document_still_reads_ordinary_documents,0.001,passed
tests.test_document_persistence,test_layout_get_refuses_to_hand_out_a_document_the_browser_cannot_parse,0.003,passed
tests.test_document_persistence,test_autosave_get_refuses_to_hand_out_a_poisoned_slot,0.003,passed
tests.test_document_persistence,test_a_poisoned_timeline_is_not_silently_reported_as_no_versions,0.003,passed
tests.test_document_persistence,test_package_open_rejects_a_layout_the_browser_cannot_parse,0.004,passed
tests.test_document_persistence,test_the_two_deliberately_permissive_readers_stay_permissive,0.003,passed
tests.test_document_persistence,test_autosave_slots_are_capped_by_count_oldest_first,0.005,passed
tests.test_document_persistence,test_autosave_slots_are_capped_by_bytes,0.005,passed
tests.test_document_persistence,test_the_slot_just_written_is_never_pruned,0.003,passed
tests.test_document_persistence,test_pruning_skips_a_slot_rewritten_since_the_scan,0.003,passed
tests.test_document_persistence,test_the_byte_cap_never_cuts_autosave_below_the_slot_floor,0.005,passed
tests.test_document_persistence,test_no_response_ever_carries_a_bare_infinity,0.007,passed
tests.test_engine_cache_prune,test_prune_evicts_oldest_within_byte_budget,0.004,passed
tests.test_engine_cache_prune,test_prune_evicts_oldest_within_count_budget,0.003,passed
tests.test_engine_cache_prune,test_prune_spares_dirs_held_by_pool_workers,0.003,passed
tests.test_engine_cache_prune,test_prune_skips_undeletable_dir_and_continues,0.003,passed
tests.test_engine_cache_prune,test_prune_returns_zero_when_cache_dir_missing,0.002,passed
tests.test_engine_cache_prune,test_request_touches_cache_dir_but_throttles,0.003,passed
tests.test_engine_cache_prune,test_touch_makes_active_dir_newest,0.003,passed
tests.test_engine_cache_prune,test_touch_survives_unwritable_dir,0.002,passed
tests.test_engine_variants,test_render_can_return_the_svg_inline,0.005,passed
tests.test_engine_variants,test_inline_svg_pairs_with_the_manifest_of_the_same_call,0.006,passed
tests.test_engine_variants,test_render_passes_the_preview_verdict_through,0.004,passed
tests.test_engine_variants,test_old_worker_without_preview_keeps_the_old_response_shape,0.004,passed
tests.test_engine_variants,test_preview_png_is_rendered_from_the_given_patches,0.004,passed
tests.test_engine_variants,test_preview_png_tags_are_per_variant_and_filename_safe,0.005,passed
tests.test_engine_variants,test_preview_png_rejects_a_bogus_patch_list,0.004,passed
tests.test_engine_variants,test_preview_png_reports_worker_errors_as_such,0.004,passed
tests.test_equivalence_matrix,test_three_ways_agree[s1-text-then-axes],2.581,passed
tests.test_equivalence_matrix,test_three_ways_agree[s1-labels-and-title],2.384,passed
tests.test_equivalence_matrix,test_three_ways_agree[s1-legend-reorder],2.330,passed
tests.test_equivalence_matrix,test_three_ways_agree[s1-mixed-12-patches],3.107,passed
tests.test_equivalence_matrix,test_three_ways_agree[s1-range-scale-ticks],3.779,passed
tests.test_equivalence_matrix,test_three_ways_agree[s1-fixed-ticks-text],3.587,passed
tests.test_equivalence_matrix,test_three_ways_agree[s1-nonlinear-scales],2.429,passed
tests.test_equivalence_matrix,test_three_ways_agree[s1-legend-item-text],2.415,passed
tests.test_equivalence_matrix,test_three_ways_agree[s2-colorbar-range],2.347,passed
tests.test_equivalence_matrix,test_three_ways_agree[s2-colorbar-orientation],2.416,passed
tests.test_equivalence_matrix,test_three_ways_agree[s2-scatter-marker],2.248,passed
tests.test_equivalence_matrix,test_three_ways_agree[s3-annotation-move],2.378,passed
tests.test_equivalence_matrix,test_three_ways_agree[s3-arrow-endpoints],3.350,passed
tests.test_equivalence_matrix,test_three_ways_agree[s4-view3d-visible],2.189,passed
tests.test_equivalence_matrix,test_three_ways_agree[s5-mathtext-labels],2.149,passed
tests.test_equivalence_matrix,test_three_ways_agree[s7-collection-family],2.227,passed
tests.test_equivalence_matrix,test_three_ways_agree[s7-patch-and-stem],2.317,passed
tests.test_equivalence_matrix,test_three_ways_agree[s8-alias-legend],2.521,passed
tests.test_equivalence_matrix,test_three_ways_agree[s8-alias-bars],2.410,passed
tests.test_equivalence_matrix,test_three_ways_agree[s8-alias-mixed-reversed],2.599,passed
tests.test_equivalence_matrix,test_annotation_arrow_never_exposes_endpoints,1.074,passed
tests.test_equivalence_matrix,test_cjk_scenario_three_ways_agree,2.157,passed
tests.test_equivalence_matrix,test_write_back_then_reopen_matches_the_hot_session[s1-mixed-12-patches],5.615,passed
tests.test_equivalence_matrix,test_write_back_then_reopen_matches_the_hot_session[s1-range-scale-ticks],6.528,passed
tests.test_equivalence_matrix,test_write_back_then_reopen_matches_the_hot_session[s1-fixed-ticks-text],6.086,passed
tests.test_equivalence_matrix,test_write_back_then_reopen_matches_the_hot_session[s1-legend-item-text],4.888,passed
tests.test_equivalence_matrix,test_write_back_then_reopen_matches_the_hot_session[s2-colorbar-orientation],4.708,passed
tests.test_equivalence_matrix,test_write_back_then_reopen_matches_the_hot_session[s7-collection-family],4.336,passed
tests.test_equivalence_matrix,test_write_back_then_reopen_matches_the_hot_session[s8-alias-mixed-reversed],5.047,passed
tests.test_equivalence_matrix,test_three_ways_agree_on_workerd[s1-mixed-12-patches],0.000,skipped
tests.test_equivalence_matrix,test_three_ways_agree_on_workerd[s2-colorbar-range],0.000,skipped
tests.test_equivalence_matrix,test_workerd_inline_svg_is_byte_identical_to_the_file_it_just_wrote,0.000,skipped
tests.test_equivalence_matrix,test_workerd_render_without_inline_svg_has_no_svg_key,0.000,skipped
tests.test_equivalence_matrix,test_workerd_preview_png_is_state_neutral_across_variants,0.000,skipped
tests.test_equivalence_matrix,test_workerd_write_back_of_one_variant_still_verifies,0.000,skipped
tests.test_error_codes,test_backend_emits_the_code[ai_agent_disabled],0.007,passed
tests.test_error_codes,test_backend_emits_the_code[ai_agent_executable_invalid],0.004,passed
tests.test_error_codes,test_backend_emits_the_code[ai_agent_install_unsupported],0.003,passed
tests.test_error_codes,test_backend_emits_the_code[ai_agent_needs_auth],0.004,passed
tests.test_error_codes,test_backend_emits_the_code[ai_agent_not_installed],0.004,passed
tests.test_error_codes,test_backend_emits_the_code[ai_agent_not_usable],0.004,passed
tests.test_error_codes,test_backend_emits_the_code[ai_agent_probe_timeout],0.003,passed
tests.test_error_codes,test_backend_emits_the_code[ai_agent_unknown],0.003,passed
tests.test_error_codes,test_backend_emits_the_code[ai_revert_failed],0.003,passed
tests.test_error_codes,test_backend_emits_the_code[ai_start_failed],0.003,passed
tests.test_error_codes,test_backend_emits_the_code[annotations_need_pdf],0.003,passed
tests.test_error_codes,test_backend_emits_the_code[bad_background],0.004,passed
tests.test_error_codes,test_backend_emits_the_code[bad_filename],0.003,passed
tests.test_error_codes,test_backend_emits_the_code[bad_formats],0.003,passed
tests.test_error_codes,test_backend_emits_the_code[bad_geometry],0.003,passed
tests.test_error_codes,test_backend_emits_the_code[bad_objects],0.003,passed
tests.test_error_codes,test_backend_emits_the_code[bad_overrides],0.003,passed
tests.test_error_codes,test_backend_emits_the_code[bad_overwrite],0.003,passed
tests.test_error_codes,test_backend_emits_the_code[bad_policy],0.003,passed
tests.test_error_codes,test_backend_emits_the_code[bad_ppi],0.003,passed
tests.test_error_codes,test_backend_emits_the_code[bad_request],0.003,passed
tests.test_error_codes,test_backend_emits_the_code[bad_scope],0.003,passed
tests.test_error_codes,test_backend_emits_the_code[bad_validation],0.003,passed
tests.test_error_codes,test_backend_emits_the_code[desktop_updater_disabled],0.003,passed
tests.test_error_codes,test_backend_emits_the_code[dir_fsync_failed],0.003,passed
tests.test_error_codes,test_backend_emits_the_code[dir_missing],0.003,passed
tests.test_error_codes,test_backend_emits_the_code[endpoint_invalid],0.003,passed
tests.test_error_codes,test_backend_emits_the_code[endpoint_save_failed],0.003,passed
tests.test_error_codes,test_backend_emits_the_code[eps_needs_script],0.003,passed
tests.test_error_codes,test_backend_emits_the_code[eps_not_for_canvas],0.003,passed
tests.test_error_codes,test_backend_emits_the_code[export_dir_unwritable],0.003,passed
tests.test_error_codes,test_backend_emits_the_code[export_failed],0.003,passed
tests.test_error_codes,test_backend_emits_the_code[export_render_failed],0.003,passed
tests.test_error_codes,test_backend_emits_the_code[external_change],0.003,passed
tests.test_error_codes,test_backend_emits_the_code[file_locked],0.003,passed
tests.test_error_codes,test_backend_emits_the_code[format_failed],0.003,passed
tests.test_error_codes,test_backend_emits_the_code[internal_error],0.003,passed
tests.test_error_codes,test_backend_emits_the_code[interpreter_no_matplotlib],0.003,passed
tests.test_error_codes,test_backend_emits_the_code[interpreter_not_found],0.003,passed
tests.test_error_codes,test_backend_emits_the_code[invalid_consent],0.003,passed
tests.test_error_codes,test_backend_emits_the_code[invalid_document],0.003,passed
tests.test_error_codes,test_backend_emits_the_code[invalid_entry],0.003,passed
tests.test_error_codes,test_backend_emits_the_code[invalid_patches],0.003,passed
tests.test_error_codes,test_backend_emits_the_code[invalid_path],0.003,passed
tests.test_error_codes,test_backend_emits_the_code[invalid_preview_dpi],0.003,passed
tests.test_error_codes,test_backend_emits_the_code[invalid_width],0.003,passed
tests.test_error_codes,test_backend_emits_the_code[missing_figure],0.003,passed
tests.test_error_codes,test_backend_emits_the_code[missing_original],0.003,passed
tests.test_error_codes,test_backend_emits_the_code[missing_path],0.003,passed
tests.test_error_codes,test_backend_emits_the_code[mkdir_failed],0.003,passed
tests.test_error_codes,test_backend_emits_the_code[name_exhausted],0.003,passed
tests.test_error_codes,test_backend_emits_the_code[name_missing],0.003,passed
tests.test_error_codes,test_backend_emits_the_code[no_format],0.003,passed
tests.test_error_codes,test_backend_emits_the_code[no_output],0.003,passed
tests.test_error_codes,test_backend_emits_the_code[no_project],0.003,passed
tests.test_error_codes,test_backend_emits_the_code[non_finite_number],0.003,passed
tests.test_error_codes,test_backend_emits_the_code[not_parameterizable],0.003,passed
tests.test_error_codes,test_backend_emits_the_code[open_project_failed],0.003,passed
tests.test_error_codes,test_backend_emits_the_code[package_file_missing],0.003,passed
tests.test_error_codes,test_backend_emits_the_code[package_invalid],0.003,passed
tests.test_error_codes,test_backend_emits_the_code[package_schema_unsupported],0.003,passed
tests.test_error_codes,test_backend_emits_the_code[permission_denied],0.003,passed
tests.test_error_codes,test_backend_emits_the_code[ppi_out_of_range],0.003,passed
tests.test_error_codes,test_backend_emits_the_code[probe_in_progress],0.003,passed
tests.test_error_codes,test_backend_emits_the_code[profile_bad_data],0.003,passed
tests.test_error_codes,test_backend_emits_the_code[profile_bad_format],0.003,passed
tests.test_error_codes,test_backend_emits_the_code[profile_bad_journal],0.003,passed
tests.test_error_codes,test_backend_emits_the_code[profile_bad_json],0.003,passed
tests.test_error_codes,test_backend_emits_the_code[profile_bad_kind],0.003,passed
tests.test_error_codes,test_backend_emits_the_code[profile_bad_payload],0.003,passed
tests.test_error_codes,test_backend_emits_the_code[profile_bad_schema],0.003,passed
tests.test_error_codes,test_backend_emits_the_code[profile_bad_spec],0.003,passed
tests.test_error_codes,test_backend_emits_the_code[profile_bad_style],0.003,passed
tests.test_error_codes,test_backend_emits_the_code[profile_limit_reached],0.003,passed
tests.test_error_codes,test_backend_emits_the_code[profile_no_origin],0.003,passed
tests.test_error_codes,test_backend_emits_the_code[profile_not_found],0.003,passed
tests.test_error_codes,test_backend_emits_the_code[profile_read_only],0.003,passed
tests.test_error_codes,test_backend_emits_the_code[profile_revision_conflict],0.003,passed
tests.test_error_codes,test_backend_emits_the_code[profile_revision_missing],0.003,passed
tests.test_error_codes,test_backend_emits_the_code[profile_store_unsupported_schema],0.003,passed
tests.test_error_codes,test_backend_emits_the_code[profile_too_large],0.003,passed
tests.test_error_codes,test_backend_emits_the_code[project_closed],0.003,passed
tests.test_error_codes,test_backend_emits_the_code[publish_failed],0.003,passed
tests.test_error_codes,test_backend_emits_the_code[python_missing],0.004,passed
tests.test_error_codes,test_backend_emits_the_code[read_failed],0.004,passed
tests.test_error_codes,test_backend_emits_the_code[registry_reload_failed],0.003,passed
tests.test_error_codes,test_backend_emits_the_code[registry_update_failed],0.003,passed
tests.test_error_codes,test_backend_emits_the_code[replace_failed],0.003,passed
tests.test_error_codes,test_backend_emits_the_code[replay_divergence],0.003,passed
tests.test_error_codes,test_backend_emits_the_code[report_failed],0.003,passed
tests.test_error_codes,test_backend_emits_the_code[report_missing_payload],0.003,passed
tests.test_error_codes,test_backend_emits_the_code[report_write_failed],0.003,passed
tests.test_error_codes,test_backend_emits_the_code[runtime_asset_has_no_original_artifact],0.003,passed
tests.test_error_codes,test_backend_emits_the_code[runtime_asset_unknown],0.003,passed
tests.test_error_codes,test_backend_emits_the_code[runtime_cache_missing],0.003,passed
tests.test_error_codes,test_backend_emits_the_code[scan_failed],0.003,passed
tests.test_error_codes,test_backend_emits_the_code[script_changed],0.003,passed
tests.test_error_codes,test_backend_emits_the_code[script_name_missing],0.003,passed
tests.test_error_codes,test_backend_emits_the_code[script_not_found],0.003,passed
tests.test_error_codes,test_backend_emits_the_code[script_path_outside_project],0.004,passed
tests.test_error_codes,test_backend_emits_the_code[session_auth_required],0.003,passed
tests.test_error_codes,test_backend_emits_the_code[settings_dir_unusable],0.003,passed
tests.test_error_codes,test_backend_emits_the_code[source_changed],0.003,passed
tests.test_error_codes,test_backend_emits_the_code[source_missing],0.003,passed
tests.test_error_codes,test_backend_emits_the_code[stale_write],0.003,passed
tests.test_error_codes,test_backend_emits_the_code[sync_different_scripts],0.003,passed
tests.test_error_codes,test_backend_emits_the_code[tmp_dir_failed],0.003,passed
tests.test_error_codes,test_backend_emits_the_code[tutorial_copy_failed],0.003,passed
tests.test_error_codes,test_backend_emits_the_code[tutorial_locked],0.003,passed
tests.test_error_codes,test_backend_emits_the_code[tutorial_resources_invalid],0.003,passed
tests.test_error_codes,test_backend_emits_the_code[tutorial_resources_missing],0.003,passed
tests.test_error_codes,test_backend_emits_the_code[unsafe_project_name],0.003,passed
tests.test_error_codes,test_backend_emits_the_code[unsupported_format],0.003,passed
tests.test_error_codes,test_backend_emits_the_code[unsupported_script_type],0.003,passed
tests.test_error_codes,test_backend_emits_the_code[versions_unreadable],0.003,passed
tests.test_error_codes,test_backend_emits_the_code[workdir_mode_invalid],0.003,passed
tests.test_error_codes,test_backend_emits_the_code[write_back_disabled],0.003,passed
tests.test_error_codes,test_backend_emits_the_code[write_back_warnings],0.003,passed
tests.test_error_codes,test_backend_emits_the_code[write_failed],0.003,passed
tests.test_error_codes,test_every_code_has_text_in_both_languages[zh-CN],0.002,passed
tests.test_error_codes,test_every_code_has_text_in_both_languages[en-US],0.002,passed
tests.test_error_codes,test_placeholders_match_the_params_the_backend_sends[zh-CN],0.001,passed
tests.test_error_codes,test_placeholders_match_the_params_the_backend_sends[en-US],0.001,passed
tests.test_error_codes,test_english_texts_have_no_chinese,0.001,passed
tests.test_error_codes,test_error_field_is_still_there_as_the_fallback,0.048,passed
tests.test_error_codes,test_the_export_funnel_still_carries_the_original_text,0.002,passed
tests.test_error_codes,test_the_atomic_write_funnel_still_carries_the_original_text,0.001,passed
tests.test_error_codes,test_the_refresh_error_funnel_still_carries_the_original_text,0.002,passed
tests.test_error_codes,test_the_agent_error_funnel_still_carries_the_original_text,0.001,passed
tests.test_error_codes,test_every_error_response_carries_a_stable_code,0.003,passed
tests.test_error_codes,test_visible_codes_table_covers_every_literal_code,0.003,passed
tests.test_error_codes,test_every_native_code_has_text_in_both_languages[zh-CN],0.002,passed
tests.test_error_codes,test_every_native_code_has_text_in_both_languages[en-US],0.002,passed
tests.test_error_codes,test_native_placeholders_match_the_backend_message[zh-CN],0.002,passed
tests.test_error_codes,test_native_placeholders_match_the_backend_message[en-US],0.002,passed
tests.test_error_codes,test_no_dead_native_keys_in_errors_json,0.002,passed
tests.test_error_codes,test_run_error_payload_carries_params_for_the_frontend,0.001,passed
tests.test_error_codes,test_every_worker_error_response_carries_a_failure_status,0.002,passed
tests.test_execspec.TestSafeDefaults,test_safe_spec_is_the_single_authority_for_defaults,0.001,passed
tests.test_execspec.TestSafeDefaults,test_profile_constants_are_shared_with_figcapture,0.001,passed
tests.test_execspec.TestSerialization,test_json_roundtrip_is_lossless,0.001,passed
tests.test_execspec.TestSerialization,test_roundtrip_survives_json_encoding,0.001,passed
tests.test_execspec.TestSerialization,test_stable_payload_has_no_machine_specific_fields,0.001,passed
tests.test_execspec.TestSerialization,test_unknown_spec_version_is_rejected,0.001,passed
tests.test_execspec.TestValidation,test_invalid_profile_is_rejected,0.001,passed
tests.test_execspec.TestValidation,test_invalid_target_kind_is_rejected,0.001,passed
tests.test_execspec.TestValidation,test_invalid_payloads_are_rejected,0.001,passed
tests.test_execspec.TestValidation,test_safe_profile_requires_an_entry,0.001,passed
tests.test_execspec.TestValidation,test_module_target_must_be_a_dotted_identifier,0.001,passed
tests.test_execspec.TestScriptNormalization,test_backslashes_are_normalized_to_posix,0.001,passed
tests.test_execspec.TestScriptNormalization,test_absolute_script_targets_are_rejected,0.001,passed
tests.test_execspec.TestWorkerArgv,test_the_argv_shape_is_frozen,0.001,passed
tests.test_execspec.TestWorkerArgv,test_engine_worker_carries_the_spec_it_spawned_from,0.002,passed
tests.test_execspec.TestWorkerArgv,test_native_is_not_served_yet,0.001,passed
tests.test_execspec.TestWorkerArgv,test_native_spec_rejects_the_safe_shaped_fields,0.001,passed
tests.test_execspec.TestWorkerArgv,test_raw_target_never_reaches_the_stable_payload,0.001,passed
tests.test_execspec.TestAssetId,test_the_id_shape_is_the_adr_0013_one,0.001,passed
tests.test_execspec.TestAssetId,test_the_id_has_no_project_path_dimension,0.001,passed
tests.test_execspec.TestAssetId,test_absolute_script_paths_are_rejected,0.001,passed
tests.test_execspec.TestAssetId,test_different_stems_and_scripts_do_not_collide,0.001,passed
tests.test_execspec.TestAssetId,test_entry_deliberately_does_not_enter_the_id,0.001,passed
tests.test_execspec.TestWritebackCapabilityIsDerived,test_the_factory_has_no_way_to_dictate_capability,0.001,passed
tests.test_execspec.TestWritebackCapabilityIsDerived,test_pyplot_capture_never_carries_an_artifact,0.001,passed
tests.test_execspec.TestWritebackCapabilityIsDerived,test_pyplot_capture_cannot_write_back,0.001,passed
tests.test_execspec.TestWritebackCapabilityIsDerived,test_savefig_with_an_artifact_on_disk_can,0.001,passed
tests.test_execspec.TestWritebackCapabilityIsDerived,test_savefig_without_an_artifact_cannot,0.001,passed
tests.test_execspec.TestWritebackCapabilityIsDerived,test_source_writeback_is_always_false_in_v1,0.001,passed
tests.test_execspec.TestWritebackCapabilityIsDerived,test_payloads_lying_about_capability_are_rejected,0.001,passed
tests.test_execspec.TestDescriptorSerialization,test_payload_roundtrip,0.001,passed
tests.test_execspec.TestDescriptorSerialization,test_the_wire_shape_is_frozen,0.001,passed
tests.test_execspec.TestDescriptorSerialization,test_invalid_enums_are_rejected,0.001,passed
tests.test_execspec.TestSourceFingerprint,test_is_deterministic,0.001,passed
tests.test_execspec.TestSourceFingerprint,test_changes_with_each_declared_input,0.001,passed
tests.test_execspec.TestSourceFingerprint,test_line_endings_do_not_split_the_fingerprint,0.001,passed
tests.test_execspec.TestSourceFingerprint,test_does_not_depend_on_any_absolute_path,0.001,passed
tests.test_execspec.TestFindOriginalArtifact,test_finds_by_extension_priority,0.002,passed
tests.test_execspec.TestFindOriginalArtifact,test_returns_none_when_nothing_is_there,0.002,passed
tests.test_execspec.TestFindOriginalArtifact,test_the_extension_table_is_the_single_authority,0.001,passed
tests.test_export_pipeline,test_original_export_ignores_the_layout_scale,0.009,passed
tests.test_export_pipeline,test_canvas_export_is_faithful_to_the_canvas,0.008,passed
tests.test_export_pipeline,test_original_pdf_stays_vector,0.008,passed
tests.test_export_pipeline,test_original_png_of_a_raster_source_keeps_the_native_pixel_grid,0.007,passed
tests.test_export_pipeline,test_original_png_of_a_vector_source_rasterizes_at_the_requested_ppi,0.016,passed
tests.test_export_pipeline,test_pdf_and_png_come_from_one_snapshot,0.040,passed
tests.test_export_pipeline,test_document_revision_is_echoed_back,0.008,passed
tests.test_export_pipeline,test_ask_policy_stops_before_doing_anything,0.008,passed
tests.test_export_pipeline,test_replace_policy_overwrites_and_says_so,0.009,passed
tests.test_export_pipeline,test_rename_policy_numbers_the_new_file,0.009,passed
tests.test_export_pipeline,test_nothing_is_left_behind_when_a_format_fails,0.008,passed
tests.test_export_pipeline,test_no_half_written_file_survives_a_publish_failure,0.007,passed
tests.test_export_pipeline,test_stale_temp_dirs_are_swept,0.011,passed
tests.test_export_pipeline,test_cancel_writes_nothing_and_cleans_up,0.029,passed
tests.test_export_pipeline,test_cancelling_an_unknown_job_is_not_an_error,0.006,passed
tests.test_export_pipeline,test_async_job_reaches_a_terminal_state,0.037,passed
tests.test_export_pipeline,test_a_failed_check_is_recorded_in_the_report,0.012,passed
tests.test_export_pipeline,test_style_check_report_carries_the_server_side_facts,0.008,passed
tests.test_export_pipeline,test_a_failing_report_does_not_take_the_images_down,0.008,passed
tests.test_export_pipeline,test_report_is_only_written_when_asked,0.008,passed
tests.test_export_pipeline,test_transparent_background_actually_leaves_the_background_transparent,0.032,passed
tests.test_export_pipeline,test_validate_reports_conflicts_without_writing_anything,0.008,passed
tests.test_export_pipeline,test_validate_reports_a_bad_filename_as_a_structured_error,0.006,passed
tests.test_export_pipeline,test_bad_request_never_starts_a_job,0.006,passed
tests.test_export_pipeline,test_missing_source_is_a_structured_error,0.006,passed
tests.test_export_pipeline,test_legacy_payload_keeps_the_timestamped_name_and_files_shape,0.008,passed
tests.test_export_pipeline,test_ppi_key_and_dpi_key_are_the_same_setting,0.025,passed
tests.test_export_pipeline,test_exportreq_error_codes_are_all_registered,0.006,passed
tests.test_export_pipeline,test_a_background_job_stays_in_the_project_that_started_it,0.036,passed
tests.test_export_pipeline,test_raster_original_pdf_honours_the_resolved_physical_size,0.009,passed
tests.test_export_pipeline,test_raster_page_size_follows_the_file_not_a_constant,0.010,passed
tests.test_export_pipeline,test_the_style_check_report_obeys_the_overwrite_policy,0.010,passed
tests.test_export_pipeline,test_two_concurrent_asks_do_not_silently_clobber_each_other,0.031,passed
tests.test_export_pipeline,test_a_jpeg_source_is_transcoded_not_copied_into_a_png_name,0.008,passed
tests.test_export_pipeline,test_a_png_source_is_copied_byte_for_byte,0.007,passed
tests.test_export_pipeline,test_transparent_background_reaches_the_original_vector_path,0.013,passed
tests.test_export_pipeline,test_a_running_job_is_never_swept_by_the_ttl,0.031,passed
tests.test_export_pipeline,test_cancel_is_refused_once_publication_has_begun,0.037,passed
tests.test_export_pipeline,test_cancel_and_the_commit_point_are_serialized,0.346,passed
tests.test_export_pipeline,test_a_requested_report_with_no_payload_fails_loudly,0.018,passed
tests.test_export_pipeline,test_a_raster_panel_with_overrides_is_re_rendered_not_copied,0.013,passed
tests.test_export_pipeline,test_two_concurrent_override_renders_do_not_share_one_intermediate_file,0.013,passed
tests.test_export_pipeline,test_export_urls_are_url_encoded,0.010,passed
tests.test_export_pipeline,test_two_concurrent_renames_each_get_their_own_number,0.060,passed
tests.test_export_pipeline,test_naming_happens_inside_the_reservation_lock,0.010,passed
tests.test_export_pipeline,test_a_live_temp_dir_is_never_swept_by_another_job,0.009,passed
tests.test_export_pipeline,test_canvas_tiff_is_the_same_page_as_png_pixel_for_pixel,0.025,passed
tests.test_export_pipeline,test_canvas_tiff_with_transparent_background_carries_alpha,0.011,passed
tests.test_export_pipeline,test_original_tiff_of_a_vector_source_rasterizes_at_the_requested_ppi,0.011,passed
tests.test_export_pipeline,test_original_tiff_of_a_raster_source_keeps_the_grid_and_only_declared_density,0.009,passed
tests.test_export_pipeline,test_canvas_eps_is_refused_honestly_and_the_rest_is_delivered,0.007,passed
tests.test_export_pipeline,test_original_eps_without_a_script_reports_it_and_delivers_the_rest,0.009,passed
tests.test_export_pipeline,test_original_eps_comes_from_the_worker_and_the_pdf_is_rerendered_in_the_same_run,0.008,passed
tests.test_export_pipeline,test_pdf_alone_still_uses_the_disk_file_when_nothing_forces_a_rerender,0.009,passed
tests.test_font_family_options,test_machine_font_families_are_listed_once_and_all_drawable,2.041,passed
tests.test_font_family_options,test_the_font_dropdown_only_offers_what_this_runtime_can_draw,0.290,passed
tests.test_font_provenance,test_repository_ships_no_font_binaries,0.018,passed
tests.test_font_provenance,test_no_web_font_is_fetched_or_embedded,0.137,passed
tests.test_font_provenance,test_canvas_faces_all_come_from_the_backend_builtins,0.002,passed
tests.test_font_provenance,test_declared_dependencies_bring_no_font_package,0.001,passed
tests.test_font_provenance,test_every_offered_family_can_actually_be_drawn[serif],0.001,passed
tests.test_font_provenance,test_every_offered_family_can_actually_be_drawn[sans-serif],0.001,passed
tests.test_font_provenance,test_every_offered_family_can_actually_be_drawn[monospace],0.001,passed
tests.test_handoff,test_directory_target_has_no_stem,0.002,passed
tests.test_handoff,test_product_target_yields_stem,0.002,passed
tests.test_handoff,test_script_target_resolves_its_own_product,0.002,passed
tests.test_handoff,test_script_without_resolvable_stem_still_opens_project,0.002,passed
tests.test_handoff,test_project_root_is_the_registry_layer,0.002,passed
tests.test_handoff,test_registry_search_stops_after_max_parents,0.002,passed
tests.test_handoff,test_empty_path_rejected[],0.001,passed
tests.test_handoff,test_empty_path_rejected[   ],0.001,passed
tests.test_handoff,test_missing_path_rejected,0.002,passed
tests.test_handoff,test_unknown_extension_rejected,0.002,passed
tests.test_handoff,test_registry_drafted_when_missing,0.003,passed
tests.test_handoff,test_registered_stem_leaves_registry_untouched,0.003,passed
tests.test_handoff,test_shipped_example_galleries_use_the_current_registry_name,0.001,passed
tests.test_handoff,test_legacy_named_registry_is_honoured_without_drafting_a_new_one,0.002,passed
tests.test_handoff,test_merging_into_a_legacy_gallery_writes_the_new_name_once,0.003,passed
tests.test_handoff,test_new_script_merges_without_touching_existing_entries,0.003,passed
tests.test_handoff,test_merge_with_nothing_new_leaves_the_file_byte_identical,0.003,passed
tests.test_handoff,test_product_without_script_is_reported_not_parameterizable,0.003,passed
tests.test_handoff,test_dynamic_names_reported,0.003,passed
tests.test_handoff,test_broken_registry_is_never_overwritten,0.003,passed
tests.test_handoff,"test_structurally_broken_registry_still_carries_a_code[{""scripts"": ""not-a-dict""}]",0.003,passed
tests.test_handoff,"test_structurally_broken_registry_still_carries_a_code[{""scripts"": {""a.py"": ""not-a-dict""}}]",0.003,passed
tests.test_handoff,"test_structurally_broken_registry_still_carries_a_code[{""scripts"": {""a.py"": {""stems"": ""Fig1""}}}]",0.003,passed
tests.test_handoff,"test_structurally_broken_registry_still_carries_a_code[[""\u4e0d\u662f\u5bf9\u8c61""]]",0.003,passed
tests.test_handoff,test_macos_candidates_are_bundle_binaries,0.001,passed
tests.test_handoff,test_windows_candidates_start_at_localappdata,0.001,passed
tests.test_handoff,test_linux_has_no_desktop_build,0.001,passed
tests.test_handoff,test_env_override_wins,0.001,passed
tests.test_handoff,test_desktop_argv_contract,0.001,passed
tests.test_handoff,test_desktop_argv_carries_the_native_session_id,0.001,passed
tests.test_handoff,test_the_desktop_argv_never_carries_a_credential,0.001,passed
tests.test_handoff,test_launch_desktop_spawns_the_app,0.001,passed
tests.test_handoff,test_launch_desktop_required_but_missing,0.001,passed
tests.test_handoff,test_launch_browser_hands_off_to_running_instance,0.001,passed
tests.test_handoff,test_launch_browser_starts_a_new_instance,0.001,passed
tests.test_handoff,test_browser_url_escapes_stem,0.001,passed
tests.test_handoff,test_browser_url_without_stem_is_bare_root,0.001,passed
tests.test_handoff,test_cli_json_no_launch,0.003,passed
tests.test_handoff,test_cli_reports_failure_as_json,0.003,passed
tests.test_handoff,test_cli_rejects_conflicting_flags,0.003,passed
tests.test_handoff,test_handoff_stays_stdlib_only,0.057,passed
tests.test_handoff,test_no_launch_registers_without_starting_anything,0.004,passed
tests.test_handoff,test_second_call_launches_the_native_app,0.003,passed
tests.test_handoff,test_registry_is_left_alone_on_the_second_call,0.003,passed
tests.test_handoff,test_paths_with_spaces_and_chinese_are_not_split,0.003,passed
tests.test_handoff,test_missing_path_has_a_stable_code,0.002,passed
tests.test_handoff,test_unsupported_file_type_has_a_stable_code,0.002,passed
tests.test_handoff,test_broken_registry_has_a_stable_code,0.003,passed
tests.test_handoff,test_unwritable_project_reports_registry_write_failed,0.003,passed
tests.test_handoff,test_launch_failure_has_a_stable_code,0.003,passed
tests.test_handoff,test_conflicting_launch_flags_still_emit_json,0.003,passed
tests.test_handoff,test_every_handoff_error_carries_a_code,0.008,passed
tests.test_handoff,test_launch_uses_the_desktop_recorded_in_the_manifest,0.003,passed
tests.test_handoff,test_manifest_desktop_that_no_longer_exists_is_ignored,0.002,passed
tests.test_handoff,test_frozen_prefers_the_shell_sitting_next_to_itself,0.003,passed
tests.test_handoff,test_candidates_have_no_duplicates,0.002,passed
tests.test_handoff,test_frozen_browser_fallback_never_builds_dash_m_tavotto,0.002,passed
tests.test_handoff,test_source_mode_browser_fallback_still_uses_dash_m,0.002,passed
tests.test_i18n_dead_keys,test_every_errors_json_key_has_an_emitter,0.749,passed
tests.test_i18n_dead_keys,test_the_scan_range_is_not_quietly_hollow,0.059,passed
tests.test_i18n_dead_keys,test_every_exemption_carries_a_reason,0.002,passed
tests.test_i18n_dead_keys,test_dynamic_container_children_match_their_closed_set,0.002,passed
tests.test_i18n_dead_keys,test_dynamic_containers_are_really_containers,0.002,passed
tests.test_issue181_large_preview,test_fixture_is_deterministic_across_processes,0.464,passed
tests.test_issue181_large_preview,test_mesh_size_knob_actually_changes_the_figure,0.461,passed
tests.test_issue181_large_preview,test_registry_points_at_the_script_and_stem,0.002,passed
tests.test_issue181_large_preview,test_the_fixture_reproduces_one_svg_path_per_quad,1.315,passed
tests.test_issue181_large_preview,test_the_fixture_keeps_normal_vector_semantics,0.001,passed
tests.test_issue181_large_preview,test_the_materialized_library_carries_a_discoverable_artifact,0.001,passed
tests.test_issue181_large_preview,test_running_the_fixture_standalone_does_not_write_into_the_repo,0.035,passed
tests.test_layout_engine_pinning,test_a_persistent_tight_layout_no_longer_eats_edited_positions,3.445,passed
tests.test_legend_binding,test_import_binds_sources_by_label_and_fingerprint,0.448,passed
tests.test_legend_binding,test_a_proxy_entry_has_no_binding_and_no_fake_source,0.043,passed
tests.test_legend_binding,test_handle_fields_follow_the_handle_type,0.046,passed
tests.test_legend_binding,test_source_style_change_reaches_the_legend[color-#00ff00-handle_color],0.126,passed
tests.test_legend_binding,test_source_style_change_reaches_the_legend[linestyle----handle_linestyle],0.127,passed
tests.test_legend_binding,test_source_style_change_reaches_the_legend[linewidth-3.5-handle_linewidth],0.128,passed
tests.test_legend_binding,test_source_style_change_reaches_the_legend[marker-^-handle_marker],0.131,passed
tests.test_legend_binding,test_source_markersize_is_scaled_by_markerscale,0.087,passed
tests.test_legend_binding,test_sync_changes_pixels_not_geometry,0.167,passed
tests.test_legend_binding,test_editing_the_handle_detaches_and_the_source_no_longer_reaches_it,0.132,passed
tests.test_legend_binding,test_dropping_the_override_restores_following,0.129,passed
tests.test_legend_binding,test_detaching_keeps_the_synced_look_across_a_rebuild,0.128,passed
tests.test_legend_binding,test_a_script_customised_entry_can_be_told_to_follow,0.084,passed
tests.test_legend_binding,test_binding_custom_freezes_the_entry_at_its_current_look,0.125,passed
tests.test_legend_binding,test_hiding_an_entry_removes_the_whole_row_but_keeps_the_element,0.130,passed
tests.test_legend_binding,test_hidden_entry_keeps_its_text_override_for_when_it_returns,0.130,passed
tests.test_legend_binding,test_reorder_then_style_override_stays_with_its_entry,0.088,passed
tests.test_legend_binding,test_hot_equals_fresh_replay,0.597,passed
tests.test_legend_binding,test_undo_to_zero_is_pixel_identical,0.165,passed
tests.test_legend_binding,test_layout_knobs_move_the_box[ncol-3-2],0.131,passed
tests.test_legend_binding,test_layout_knobs_move_the_box[handlelength-4.0-2],0.129,passed
tests.test_legend_binding,test_layout_knobs_move_the_box[handletextpad-2.0-2],0.130,passed
tests.test_legend_binding,test_layout_knobs_move_the_box[labelspacing-1.5-3],0.130,passed
tests.test_legend_binding,test_columnspacing_only_matters_with_more_than_one_column,0.217,passed
tests.test_legend_binding,test_frame_linewidth_and_rounding_are_editable,0.170,passed
tests.test_legend_binding,test_handle_override_survives_a_later_rebuild_in_a_hot_session,0.128,passed
tests.test_legend_binding,test_rebuild_does_not_compound_markerscale_on_custom_entries,0.128,passed
tests.test_legend_binding,test_identical_twins_bind_by_position_not_by_first_match,0.436,passed
tests.test_legend_binding,test_rebuild_keeps_the_title_font_size,0.152,passed
tests.test_legend_model_pairs,test_entry_style_props_are_the_same_closed_set_in_order,0.024,passed
tests.test_legend_model_pairs,test_bindings_are_the_same_closed_set_in_order,0.020,passed
tests.test_manifest_clip_bbox,test_clipped_artists_carry_the_axes_rect_in_bbox_coordinates,0.453,passed
tests.test_manifest_clip_bbox,test_clip_on_false_gets_no_clip_bbox_even_though_the_box_is_still_there,0.001,passed
tests.test_manifest_clip_bbox,test_artists_with_no_clip_box_get_no_clip_bbox,0.001,passed
tests.test_manifest_clip_bbox,test_a_clip_box_that_covers_the_whole_figure_is_not_reported,0.001,passed
tests.test_manifest_clip_bbox,test_non_rectangular_clip_path_falls_back_to_its_bounding_box,0.001,passed
tests.test_manifest_clip_bbox,test_preflight_stops_blaming_axes_clipped_outliers_but_still_reports_real_overflow,0.002,passed
tests.test_manifest_geometry,test_line_geometry_is_a_polyline_in_top_origin_fractions,1.208,passed
tests.test_manifest_geometry,test_nan_breaks_a_line_into_several_subpaths,1.198,passed
tests.test_manifest_geometry,test_marker_only_line_outlines_every_marker,1.196,passed
tests.test_manifest_geometry,test_line_with_markers_still_traces_only_the_polyline,1.202,passed
tests.test_manifest_geometry,test_markevery_only_outlines_the_markers_actually_drawn,1.204,passed
tests.test_manifest_geometry,test_hollow_marker_line_has_stroke_but_no_fill_semantics,1.210,passed
tests.test_manifest_geometry,test_fill_between_gives_closed_paths,1.202,passed
tests.test_manifest_geometry,test_polygon_patch_is_registered_and_closed,1.194,passed
tests.test_manifest_geometry,test_path_patch_curves_are_flattened_to_a_polyline,1.200,passed
tests.test_manifest_geometry,test_arrow_keeps_its_own_contract_and_gets_no_geometry,1.215,passed
tests.test_manifest_geometry,test_scatter_outlines_every_marker_where_the_data_puts_it,1.210,passed
tests.test_manifest_geometry,test_hollow_scatter_has_stroke_but_no_fill_semantics,1.209,passed
tests.test_manifest_geometry,test_marker_cap_is_one_number[scatter],2.314,passed
tests.test_manifest_geometry,test_marker_cap_is_one_number[marker-only-line],2.310,passed
tests.test_manifest_geometry,test_bar_series_outlines_every_bar_not_the_union_box,1.163,passed
tests.test_manifest_geometry,test_bar_series_edge_gives_stroke_semantics_with_the_widest_linewidth,1.156,passed
tests.test_manifest_geometry,test_hidden_bar_is_not_outlined,1.164,passed
tests.test_manifest_geometry,test_barh_bars_are_wider_than_tall,1.194,passed
tests.test_manifest_geometry,test_bar_cap_is_the_same_number_as_markers,2.538,passed
tests.test_manifest_geometry,test_geometry_carries_the_axes_clip_box,2.398,passed
tests.test_manifest_geometry,test_geometry_is_regenerated_by_anything_that_reflows[xlim],2.388,passed
tests.test_manifest_geometry,test_geometry_is_regenerated_by_anything_that_reflows[ylim],2.413,passed
tests.test_manifest_geometry,test_geometry_is_regenerated_by_anything_that_reflows[xscale-log],2.515,passed
tests.test_manifest_geometry,test_geometry_is_regenerated_by_anything_that_reflows[position],2.398,passed
tests.test_manifest_geometry,test_geometry_is_regenerated_by_anything_that_reflows[aspect],3.632,passed
tests.test_manifest_geometry,test_hot_geometry_matches_a_fresh_worker_replay[xlim],3.028,passed
tests.test_manifest_geometry,test_hot_geometry_matches_a_fresh_worker_replay[ylim],2.491,passed
tests.test_manifest_geometry,test_hot_geometry_matches_a_fresh_worker_replay[xscale-log],2.817,passed
tests.test_manifest_geometry,test_hot_geometry_matches_a_fresh_worker_replay[position],2.440,passed
tests.test_manifest_geometry,test_hot_geometry_matches_a_fresh_worker_replay[aspect],2.486,passed
tests.test_manifest_geometry,test_hot_geometry_matches_a_fresh_worker_replay[figsize],2.454,passed
tests.test_manifest_geometry,test_a_very_long_curve_is_thinned_but_keeps_its_envelope,1.185,passed
tests.test_manifest_geometry,test_geometry_point_count_stays_bounded,1.181,passed
tests.test_manifest_geometry,test_contour_lines_trace_their_real_paths_not_the_axes_box,1.142,passed
tests.test_manifest_geometry,test_line_collection_traces_each_line,1.145,passed
tests.test_mcp_diagnose,test_an_old_engine_is_not_reported_as_a_desktop_install[0.10.0-0.13.0],0.004,passed
tests.test_mcp_diagnose,test_an_old_engine_is_not_reported_as_a_desktop_install[0.9.0-0.10.0],0.002,passed
tests.test_mcp_diagnose,test_a_good_enough_engine_never_reaches_the_new_state[0.13.0],0.002,passed
tests.test_mcp_diagnose,test_a_good_enough_engine_never_reaches_the_new_state[0.14.0],0.002,passed
tests.test_mcp_diagnose,test_a_good_enough_engine_never_reaches_the_new_state[1.0.0],0.002,passed
tests.test_mcp_diagnose,test_an_unknown_version_is_its_own_bucket,0.002,passed
tests.test_mcp_diagnose,test_without_a_build_manifest_nothing_is_asked_of_the_cli,0.001,passed
tests.test_mcp_diagnose,test_an_explicit_interpreter_still_wins_over_the_version_verdict,0.002,passed
tests.test_mcp_diagnose,test_the_other_three_states_are_untouched,0.001,passed
tests.test_mcp_diagnose,test_recovery_sends_this_user_to_upgrade_not_to_a_second_environment,0.001,passed
tests.test_mcp_diagnose,test_the_minimum_version_comes_from_the_build_manifest,0.003,passed
tests.test_mcp_diagnose,test_a_broken_manifest_reads_as_unknown,0.003,passed
tests.test_mcp_diagnose,test_the_launcher_hardcodes_no_version_number,0.007,passed
tests.test_mcp_diagnose,test_the_probe_asks_doctor_json_and_ignores_the_exit_code,0.023,passed
tests.test_mcp_diagnose,test_the_probe_says_unknown_when_it_cannot_ask,0.022,passed
tests.test_mcp_diagnose,test_the_version_comparison_ships_in_the_bundle,0.021,passed
tests.test_mcp_diagnose,test_the_version_comparison_import_resolves_in_a_fresh_interpreter,0.125,passed
tests.test_mcp_normalize,"test_zero_edit_roundtrip_keeps_page_size_and_pixels[two-from pathlib import Path\n\nimport matplotlib\nmatplotlib.use(""Agg"")\nimport matplotlib.pyplot as plt\nimport numpy as np\n\nOUT = Path(__file__).resolve().parent\n\n\ndef main():\n    rng = np.random.default_rng(7)\n    x = np.linspace(0, 10, 15)\n    fig, (ax1, ax2) = plt.subplots(1, 2, figsize=(150 / 25.4, 60 / 25.4))\n    for k, c in ((3, ""tab:blue""), (6, ""tab:orange"")):\n        y = 1 - np.exp(-x / k)\n        ax1.errorbar(x, y, yerr=rng.uniform(0.01, 0.04, x.size), marker=""o"", ms=3,\n                     lw=1.0, capsize=2, color=c, label=f""k = {k} min"")\n    ax1.set_xlabel(""Time (min)"")\n    ax1.set_ylabel(""Conversion (-)"")\n    ax1.set_title(""Kinetics"")\n    ax1.legend(loc=""lower right"", frameon=False)\n    ax1.tick_params(direction=""in"")\n    t = np.linspace(300, 800, 40)\n    ax2.plot(t, 1e5 * np.exp(-t / 200), lw=1.0, color=""tab:green"", label=""Signal"")\n    ax2.set_yscale(""log"")\n    ax2.set_xlabel(""Temperature (K)"")\n    ax2.set_ylabel(""Intensity (a.u.)"")\n    ax2.set_title(""Thermal decay"")\n    ax2.legend(frameon=False)\n    ax2.tick_params(direction=""in"")\n    fig.tight_layout(pad=0.4)\n    fig.savefig(OUT / ""Two.pdf"")\n\n\nif __name__ == ""__main__"":\n    main()\n-Two]",1.593,passed
tests.test_mcp_normalize,"test_zero_edit_roundtrip_keeps_page_size_and_pixels[manual-from pathlib import Path\n\nimport matplotlib\nmatplotlib.use(""Agg"")\nimport matplotlib.pyplot as plt\nimport numpy as np\n\nOUT = Path(__file__).resolve().parent\n\n\ndef main():\n    x = np.linspace(0, 6, 40)\n    fig, ax = plt.subplots(figsize=(100 / 25.4, 70 / 25.4))\n    fig.subplots_adjust(left=0.16, right=0.96, bottom=0.17, top=0.9)\n    ax.plot(x, np.exp(-x / 3), lw=1.0, label=""decay"")\n    ax.set_xlabel(""Time (s)"")\n    ax.set_ylabel(""Signal (a.u.)"")\n    ax.set_title(""Manual layout"")\n    ax.legend(loc=""upper right"", frameon=False)\n    fig.savefig(OUT / ""Manual.pdf"")\n\n\nif __name__ == ""__main__"":\n    main()\n-Manual]",1.125,passed
tests.test_mcp_normalize,"test_zero_edit_roundtrip_keeps_page_size_and_pixels[tight-from pathlib import Path\n\nimport matplotlib\nmatplotlib.use(""Agg"")\nimport matplotlib.pyplot as plt\nimport numpy as np\n\nOUT = Path(__file__).resolve().parent\n\n\ndef main():\n    x = np.linspace(0, 6, 40)\n    fig, ax = plt.subplots(figsize=(80 / 25.4, 60 / 25.4), layout=""tight"")\n    ax.plot(x, np.sin(x), lw=1.0, label=""sin"")\n    ax.plot(x, np.cos(x), lw=1.0, ls=""--"", label=""cos"")\n    ax.set_xlabel(""Time (s)"", fontsize=8)\n    ax.set_ylabel(""Amplitude (V)"", fontsize=8)\n    ax.tick_params(labelsize=8, direction=""in"")\n    ax.legend(loc=""upper right"", frameon=False, fontsize=8)\n    fig.savefig(OUT / ""Tight.pdf"")\n\n\nif __name__ == ""__main__"":\n    main()\n-Tight]",1.219,passed
tests.test_mcp_normalize,test_font_only_change_reaches_ticks_and_touches_nothing_else,1.574,passed
tests.test_mcp_normalize,test_min_font_size_only_lifts_text_below_the_floor,0.958,passed
tests.test_mcp_normalize,test_shrinking_width_keeps_structure_and_adapts_margins_within_budget,1.648,passed
tests.test_mcp_normalize,"test_persistent_layout_engines_stay_in_charge[tight-from pathlib import Path\n\nimport matplotlib\nmatplotlib.use(""Agg"")\nimport matplotlib.pyplot as plt\nimport numpy as np\n\nOUT = Path(__file__).resolve().parent\n\n\ndef main():\n    x = np.linspace(0, 6, 40)\n    fig, ax = plt.subplots(figsize=(80 / 25.4, 60 / 25.4), layout=""tight"")\n    ax.plot(x, np.sin(x), lw=1.0, label=""sin"")\n    ax.plot(x, np.cos(x), lw=1.0, ls=""--"", label=""cos"")\n    ax.set_xlabel(""Time (s)"", fontsize=8)\n    ax.set_ylabel(""Amplitude (V)"", fontsize=8)\n    ax.tick_params(labelsize=8, direction=""in"")\n    ax.legend(loc=""upper right"", frameon=False, fontsize=8)\n    fig.savefig(OUT / ""Tight.pdf"")\n\n\nif __name__ == ""__main__"":\n    main()\n-Tight]",0.908,passed
tests.test_mcp_normalize,"test_persistent_layout_engines_stay_in_charge[constr-from pathlib import Path\n\nimport matplotlib\nmatplotlib.use(""Agg"")\nimport matplotlib.pyplot as plt\nimport numpy as np\n\nOUT = Path(__file__).resolve().parent\n\n\ndef main():\n    x = np.linspace(0, 6, 40)\n    fig, ax = plt.subplots(figsize=(80 / 25.4, 60 / 25.4), layout=""constrained"")\n    ax.plot(x, np.sin(x), lw=1.0, label=""sin"")\n    ax.plot(x, np.cos(x), lw=1.0, ls=""--"", label=""cos"")\n    ax.set_xlabel(""Time (s)"", fontsize=8)\n    ax.set_ylabel(""Amplitude (V)"", fontsize=8)\n    ax.tick_params(labelsize=8, direction=""in"")\n    ax.legend(loc=""upper right"", frameon=False, fontsize=8)\n    fig.savefig(OUT / ""Constrained.pdf"")\n\n\nif __name__ == ""__main__"":\n    main()\n-Constrained]",0.898,passed
tests.test_mcp_normalize,test_manual_layout_only_gets_bounded_margin_adjustments,1.272,passed
tests.test_mcp_normalize,test_new_collisions_are_detected_and_an_unsolvable_width_exits_cleanly,6.536,passed
tests.test_mcp_normalize,test_missing_font_is_refused_not_silently_substituted,1.556,passed
tests.test_mcp_normalize,test_hopeless_width_exits_without_touching_the_originals,3.069,passed
tests.test_mcp_normalize,test_intentional_overlaps_are_not_interference,0.973,passed
tests.test_mcp_normalize,test_pre_existing_clipping_is_kept_and_reported_not_worsened,0.787,passed
tests.test_mcp_normalize,test_edits_beyond_the_contract_require_the_user_and_invalidate_the_report,1.944,passed
tests.test_mcp_normalize,test_other_sessions_and_source_files_are_isolated,2.274,passed
tests.test_mcp_normalize,test_repeating_the_same_request_does_not_drift,1.745,passed
tests.test_mcp_normalize,test_final_formats_are_verified_on_disk,1.209,passed
tests.test_mcp_normalize,test_original_artifact_mismatch_is_reported_not_replaced,0.857,passed
tests.test_mcp_normalize,test_the_tool_is_wired_through_the_real_stdio_server,1.862,passed
tests.test_mcp_normalize,test_a_file_that_fails_acceptance_is_not_published_and_the_transaction_rolls_back,1.792,passed
tests.test_mcp_normalize,test_evidence_snapshots_locate_the_first_deviation,1.785,passed
tests.test_mcp_normalize,test_a_figure_without_a_script_cannot_enter_the_transaction,0.064,passed
tests.test_mcp_resolver,test_candidate_priority_order,0.004,passed
tests.test_mcp_resolver,test_resolve_takes_the_first_candidate_that_actually_imports,0.003,passed
tests.test_mcp_resolver,test_frozen_cli_is_never_offered_as_an_interpreter,0.003,passed
tests.test_mcp_resolver,test_managed_runtime_wins_over_discovered,0.003,passed
tests.test_mcp_resolver,test_a_venv_symlink_to_the_current_interpreter_is_still_probed,0.003,passed
tests.test_mcp_resolver,test_explicit_override_that_fails_is_engine_unavailable,0.003,passed
tests.test_mcp_resolver,test_diagnose_without_override_keeps_the_three_states,0.001,passed
tests.test_mcp_resolver,test_bridge_import_probe_matches_the_bridge,0.014,passed
tests.test_mcp_resolver,test_degraded_initialize_is_version_zero,0.002,passed
tests.test_mcp_resolver,test_degraded_tools_list_only_offers_the_health_tool,0.002,passed
tests.test_mcp_resolver,test_degraded_normal_tool_calls_are_structured_errors,0.002,passed
tests.test_mcp_resolver,test_degraded_refresh_tool_is_a_structured_error_too,0.002,passed
tests.test_mcp_resolver,test_degraded_health_tool_reports_the_gap_without_pretending,0.002,passed
tests.test_mcp_resolver,test_degraded_server_declares_no_resources,0.002,passed
tests.test_mcp_resolver,test_health_in_an_engine_environment,0.002,passed
tests.test_mcp_resolver,test_plugin_version_is_read_from_the_manifest,0.002,passed
tests.test_mcp_resolver,test_provision_pins_the_plugin_version_and_verifies,0.003,passed
tests.test_mcp_resolver,test_provision_failure_is_structured,0.003,passed
tests.test_mcp_resolver,test_provision_half_built_env_is_not_reported_as_success,0.002,passed
tests.test_mcp_stdio,test_engine_mode_reports_the_real_version_and_ui,0.078,passed
tests.test_mcp_stdio,test_engine_mode_serves_the_canvas_resource,0.094,skipped
tests.test_mcp_stdio,test_engine_mode_health_tool_says_ready,0.076,passed
tests.test_mcp_stdio,test_real_stdio_client_supplies_workspace_through_roots,0.076,passed
tests.test_mcp_stdio,test_real_stdio_client_confirms_workspace_through_elicitation,0.079,passed
tests.test_mcp_stdio,test_engine_mode_never_reaches_for_a_browser,0.004,passed
tests.test_mcp_stdio,test_degraded_mode_over_real_stdio,0.245,passed
tests.test_mcp_stdio,test_degraded_mode_health_check_is_actionable,0.267,passed
tests.test_merge_queue_ruleset.TestLocate,test_inspect_finds_by_name_not_id,0.002,passed
tests.test_merge_queue_ruleset.TestLocate,test_missing_ruleset_is_an_error,0.002,passed
tests.test_merge_queue_ruleset.TestLocate,test_multiple_same_name_rulesets_refuse,0.002,passed
tests.test_merge_queue_ruleset.TestLocate,test_tag_ruleset_is_structurally_unreachable,0.002,passed
tests.test_merge_queue_ruleset.TestEnableQueue,test_adds_queue_and_relaxes_strict_keeping_all_contexts,0.002,passed
tests.test_merge_queue_ruleset.TestEnableQueue,test_unknown_rules_survive,0.002,passed
tests.test_merge_queue_ruleset.TestEnableQueue,test_pull_request_rule_survives,0.002,passed
tests.test_merge_queue_ruleset.TestEnableQueue,test_bypass_actors_survive_verbatim_and_are_never_added,0.002,passed
tests.test_merge_queue_ruleset.TestSwitchToGates,test_requires_merge_queue_first,0.002,passed
tests.test_merge_queue_ruleset.TestSwitchToGates,test_requires_strict_already_off,0.002,passed
tests.test_merge_queue_ruleset.TestSwitchToGates,test_contexts_become_exactly_the_three_gates,0.002,passed
tests.test_merge_queue_ruleset.TestSwitchToGates,test_gate_names_match_the_workflow_files,0.003,passed
tests.test_merge_queue_ruleset.TestApply,test_dry_run_and_plan_never_write,0.003,passed
tests.test_merge_queue_ruleset.TestApply,test_apply_without_yes_refuses,0.004,passed
tests.test_merge_queue_ruleset.TestApply,test_apply_enable_queue_puts_the_full_body,0.004,passed
tests.test_merge_queue_ruleset.TestApply,test_apply_refuses_when_ruleset_drifted,0.004,passed
tests.test_merge_queue_ruleset.TestApply,test_switch_refuses_until_gates_ran_green_on_main,0.004,passed
tests.test_merge_queue_ruleset.TestApply,test_switch_refuses_a_non_success_gate,0.004,passed
tests.test_merge_queue_ruleset.TestApply,test_switch_refuses_workflows_without_merge_group,0.004,passed
tests.test_merge_queue_ruleset.TestApply,test_enable_queue_also_requires_merge_group_listeners,0.004,passed
tests.test_merge_queue_ruleset.TestApply,test_switch_happy_path_writes_gates_only,0.004,passed
tests.test_merge_queue_ruleset.TestApply,test_the_put_body_is_recomputed_from_live_state_not_the_plan,0.004,passed
tests.test_merge_queue_ruleset.TestApply,test_a_tampered_plan_that_drops_the_pull_request_rule_is_refused,0.004,passed
tests.test_merge_queue_ruleset.TestApply,test_a_tampered_plan_that_swaps_required_contexts_is_refused,0.004,passed
tests.test_merge_queue_ruleset.TestApply,test_a_plan_that_injects_a_bypass_actor_is_refused,0.004,passed
tests.test_merge_queue_ruleset.TestApply,test_phase_mismatch_between_plan_and_flag_is_refused,0.004,passed
tests.test_merge_queue_ruleset.TestTransformSafety,test_a_transform_that_drops_the_pull_request_rule_is_caught,0.002,passed
tests.test_merge_queue_ruleset.TestTransformSafety,test_conditions_may_not_change,0.002,passed
tests.test_merge_queue_ruleset.TestTransformSafety,test_stable_hash_is_order_insensitive_for_keys,0.002,passed
tests.test_merge_queue_ruleset.TestSetBuildConcurrency,test_changes_only_max_entries_to_build,0.003,passed
tests.test_merge_queue_ruleset.TestSetBuildConcurrency,test_refuses_while_the_canvas_is_still_tracked,0.003,passed
tests.test_merge_queue_ruleset.TestSetBuildConcurrency,test_refuses_while_the_marketplace_still_points_at_the_source_tree,0.004,passed
tests.test_merge_queue_ruleset.TestSetBuildConcurrency,test_refuses_while_the_release_branch_does_not_exist,0.003,passed
tests.test_merge_queue_ruleset.TestSetBuildConcurrency,test_refuses_absurd_values,0.003,passed
tests.test_merge_queue_ruleset.TestSetBuildConcurrency,test_without_yes_nothing_is_written,0.003,passed
tests.test_merge_queue_ruleset.TestSetBuildConcurrency,test_plan_value_and_flag_must_agree,0.003,passed
tests.test_merge_queue_ruleset.TestSetBuildConcurrency,test_a_drifted_ruleset_is_refused,0.003,passed
tests.test_merge_queue_ruleset.TestSetBuildConcurrencySource,test_a_foreign_repository_or_other_path_does_not_count_as_switched,0.005,passed
tests.test_merge_queue_ruleset.TestSetBuildConcurrencySource,test_the_expected_source_matches_brand,0.002,passed
tests.test_merge_queue_workflows,test_the_skip_premise_still_holds,0.002,passed
tests.test_merge_queue_workflows.TestMergeGroupTrigger,test_ci_listens_to_merge_group_checks_requested,0.002,passed
tests.test_merge_queue_workflows.TestMergeGroupTrigger,test_codeql_listens_to_merge_group_checks_requested,0.002,passed
tests.test_merge_queue_workflows.TestMergeGroupTrigger,test_gate_workflows_still_listen_to_pull_request,0.002,passed
tests.test_merge_queue_workflows.TestMergeGroupTrigger,test_non_required_workflows_do_not_join_the_queue,0.004,passed
tests.test_merge_queue_workflows.TestConcurrency,test_group_distinguishes_events,0.002,passed
tests.test_merge_queue_workflows.TestConcurrency,test_cancel_in_progress_only_for_pull_request,0.002,passed
tests.test_merge_queue_workflows.TestConcurrency,test_ci_and_codeql_use_distinct_namespaces,0.002,passed
tests.test_merge_queue_workflows.TestEventFieldAccess,test_pull_request_fields_are_guarded_by_event_checks,0.002,passed
tests.test_merge_queue_workflows.TestEventFieldAccess,test_no_bare_head_ref_or_label_event_usage,0.002,passed
tests.test_merge_queue_workflows.TestGates,test_gate_jobs_exist_with_fixed_names,0.002,passed
tests.test_merge_queue_workflows.TestGates,test_gates_run_on_always,0.002,passed
tests.test_merge_queue_workflows.TestGates,test_gates_run_the_trusted_copy_of_the_verdict,0.002,passed
tests.test_merge_queue_workflows.TestGates,test_fast_gate_needs_matches_required_closed_set,0.002,passed
tests.test_merge_queue_workflows.TestGates,test_integration_gate_needs_matches_required_closed_set,0.002,passed
tests.test_merge_queue_workflows.TestGates,test_fast_gate_covers_the_fast_layer,0.002,passed
tests.test_merge_queue_workflows.TestGates,test_every_fast_lane_job_actually_runs_on_a_plain_pull_request,0.003,passed
tests.test_merge_queue_workflows.TestGates,test_the_desktop_shell_rust_gates_have_an_execution_slot,0.002,passed
tests.test_merge_queue_workflows.TestGates,test_desktop_shell_lints_both_sides_of_the_macos_cfg,0.002,passed
tests.test_merge_queue_workflows.TestGates,test_the_rust_gates_run_on_every_desktop_shell_leg,0.002,passed
tests.test_merge_queue_workflows.TestGates,test_integration_gate_covers_the_heavy_layer,0.002,passed
tests.test_merge_queue_workflows.TestGates,test_codeql_gate_depends_on_analyze,0.002,passed
tests.test_merge_queue_workflows.TestGates,test_codeql_skips_the_sarif_upload_only_on_merge_group,0.002,passed
tests.test_merge_queue_workflows.TestGates,test_every_gate_needs_is_a_real_job,0.002,passed
tests.test_merge_queue_workflows.TestGates,test_integration_gate_defers_only_on_plain_pull_requests,0.002,passed
tests.test_merge_queue_workflows.TestGates,test_full_ci_label_still_triggers_the_heavy_layer,0.002,passed
tests.test_merge_queue_workflows.TestGates,test_heavy_jobs_run_on_merge_group,0.003,passed
tests.test_merge_queue_workflows.TestGates,test_heavy_jobs_do_not_run_on_plain_prs_or_push,0.003,passed
tests.test_merge_queue_workflows.TestGates,test_fast_jobs_cover_pr_and_merge_group_but_not_push,0.002,passed
tests.test_merge_queue_workflows.TestGates,test_backend_split_keeps_all_five_tiers,0.002,passed
tests.test_merge_queue_workflows.TestGates,test_pytest_shards_agree_between_the_matrix_and_the_command[backend-fast],0.002,passed
tests.test_merge_queue_workflows.TestGates,test_pytest_shards_agree_between_the_matrix_and_the_command[backend-platforms],0.002,passed
tests.test_merge_queue_workflows.TestGates,test_unsharded_pytest_lanes_stay_unsharded,0.003,passed
tests.test_merge_queue_workflows.TestGates,test_integration_gate_includes_backend_platforms,0.002,passed
tests.test_merge_queue_workflows.TestGates,test_python_lint_failure_cannot_be_invisible_to_the_gate,0.002,passed
tests.test_merge_queue_workflows.TestHeavyLaneDependencies,test_heavy_jobs_do_not_wait_for_the_backend_fast_verdict,0.003,passed
tests.test_merge_queue_workflows.TestHeavyLaneDependencies,test_heavy_jobs_keep_the_frontend_prescreen,0.003,passed
tests.test_merge_queue_workflows.TestHeavyLaneDependencies,test_heavy_consumers_that_download_an_artifact_must_need_its_producer,0.007,passed
tests.test_merge_queue_workflows.TestHeavyLaneDependencies,test_a_red_backend_fast_still_blocks_the_merge_even_when_every_heavy_job_is_green,0.002,passed
tests.test_merge_queue_workflows.TestPythonLint,test_the_job_exists_with_a_name_that_says_what_broke,0.002,passed
tests.test_merge_queue_workflows.TestPythonLint,test_ruff_version_is_read_from_pyproject_not_hardcoded,0.002,passed
tests.test_merge_queue_workflows.TestPythonLint,test_pyproject_declares_exactly_one_ruff_constraint,0.002,passed
tests.test_merge_queue_workflows.TestPythonLint,test_the_job_stays_cheap,0.002,passed
tests.test_merge_queue_workflows.TestPythonLint,test_rule_selection_lives_in_pyproject_only,0.002,passed
tests.test_merge_queue_workflows.TestPythonLint,test_formatter_is_also_gated,0.002,passed
tests.test_merge_queue_workflows.TestPythonLint,test_lint_and_format_report_independently,0.002,passed
tests.test_merge_queue_workflows.TestPythonLint,test_format_and_lint_exclusions_stay_in_step,0.002,passed
tests.test_merge_queue_workflows.TestPythonLint,test_docstring_code_formatting_stays_off,0.002,passed
tests.test_merge_queue_workflows.TestPythonLint,test_blame_ignore_revs_existence_is_gated_in_ci,0.002,passed
tests.test_merge_queue_workflows.TestPythonLint,test_ci_never_rewrites_the_tree,0.002,passed
tests.test_merge_queue_workflows.TestLandingAudit,test_main_push_runs_only_the_landing_audit,0.002,passed
tests.test_merge_queue_workflows.TestLandingAudit,test_landing_audit_structural_tests_exist,0.002,passed
tests.test_normalize,test_targets_reject_unknown_negative_and_contradictory,0.001,passed
tests.test_normalize,test_width_only_keeps_the_original_aspect_ratio,0.002,passed
tests.test_normalize,test_min_font_only_raises_text_below_the_floor,0.002,passed
tests.test_normalize,test_uniform_font_size_touches_every_size_bearing_prop,0.002,passed
tests.test_normalize,test_font_family_reaches_ticks_and_names_what_it_cannot_reach,0.002,passed
tests.test_normalize,test_merge_patches_never_duplicates_a_key,0.001,passed
tests.test_normalize,test_data_structure_and_style_edits_are_not_authorised_by_a_size_request[axes_0-ylim-value0],0.002,passed
tests.test_normalize,test_data_structure_and_style_edits_are_not_authorised_by_a_size_request[axes_0.lines_0-visible-False],0.002,passed
tests.test_normalize,test_data_structure_and_style_edits_are_not_authorised_by_a_size_request[axes_0.lines_0-color-#ff0000],0.002,passed
tests.test_normalize,test_data_structure_and_style_edits_are_not_authorised_by_a_size_request[axes_0.legend-entry_order-value3],0.002,passed
tests.test_normalize,test_data_structure_and_style_edits_are_not_authorised_by_a_size_request[axes_0.yticks-major_values-value4],0.002,passed
tests.test_normalize,test_data_structure_and_style_edits_are_not_authorised_by_a_size_request[axes_0.title-text-New title],0.002,passed
tests.test_normalize,test_the_users_own_prior_edits_ride_along_unchanged,0.002,passed
tests.test_normalize,test_allowed_set_is_derived_from_targets_and_the_loop_cannot_widen_it,0.002,passed
tests.test_normalize,test_a_side_effect_on_a_protected_property_fails_the_transaction,0.002,passed
tests.test_normalize,test_auto_ticks_may_recompute_but_fixed_ticks_may_not,0.002,passed
tests.test_normalize,test_a_vanished_element_is_a_structure_change,0.002,passed
tests.test_normalize,test_a_font_that_silently_fell_back_is_not_reported_as_applied,0.002,passed
tests.test_normalize,test_mathtext_drawn_by_another_face_counts_as_unresolved,0.002,passed
tests.test_normalize,test_generic_family_requests_are_not_verified_by_name,0.002,passed
tests.test_normalize,test_size_target_is_checked_against_the_rendered_size,0.002,passed
tests.test_normalize,test_issues_are_classified_by_stable_identity_not_by_count,0.001,passed
tests.test_normalize,test_fewer_warnings_do_not_excuse_one_new_severe_occlusion,0.002,passed
tests.test_normalize,test_risk_level_interference_does_not_block_but_certain_does,0.001,passed
tests.test_normalize,test_rules_decided_by_the_users_targets_are_conflicts_not_blockers,0.002,passed
tests.test_normalize,test_cumulative_drift_is_measured_against_b0_not_the_previous_round,0.002,passed
tests.test_normalize,test_budget_only_judges_axes_we_moved_ourselves,0.002,passed
tests.test_normalize,test_an_axes_squeezed_below_the_keep_ratio_is_over_budget,0.002,passed
tests.test_normalize,test_margin_adaptation_reserves_room_for_decorations_within_budget,0.002,passed
tests.test_normalize,test_margin_adaptation_refuses_when_decorations_do_not_fit,0.002,passed
tests.test_normalize,test_margin_adaptation_is_a_no_op_when_nothing_overflows,0.002,passed
tests.test_normalize,test_repair_directions_follow_the_side_that_overflows,0.001,passed
tests.test_normalize,test_legend_candidates_stay_inside_the_axes_and_start_near_the_original,0.002,passed
tests.test_normalize,test_an_externally_anchored_legend_gets_no_candidates,0.002,passed
tests.test_normalize,test_text_overlap_needs_a_real_bite_in_both_directions,0.002,passed
tests.test_normalize,test_entries_of_the_same_legend_never_overlap_each_other,0.001,passed
tests.test_normalize,test_a_subplots_own_inset_is_containment_not_interference,0.002,passed
tests.test_normalize,test_decoration_of_one_subplot_inside_another_is_reported,0.001,passed
tests.test_normalize,test_legend_over_data_is_certain_with_geometry_and_only_a_risk_without,0.002,passed
tests.test_normalize,test_a_legend_beside_the_curve_is_not_flagged,0.002,passed
tests.test_normalize,test_hidden_elements_never_interfere,0.001,passed
tests.test_normalize,test_interference_checks_carry_a_registered_severity_and_message_key,0.003,passed
tests.test_normalize,test_font_names_match_accepts_subset_names_and_rejects_strangers,0.001,passed
tests.test_normalize,test_svg_check_reads_physical_size_and_admits_it_cannot_see_fonts,0.003,passed
tests.test_normalize,test_eps_check_reads_the_bounding_box_with_integer_pt_tolerance,0.003,passed
tests.test_normalize,test_a_crashing_check_becomes_a_failure_not_an_exception,0.003,passed
tests.test_nsis_template,test_no_welcome_page,0.002,passed
tests.test_nsis_template,test_directory_page_is_never_visible,0.002,passed
tests.test_nsis_template,test_start_menu_page_is_never_visible,0.002,passed
tests.test_nsis_template,test_skip_really_aborts,0.001,passed
tests.test_nsis_template,test_license_page_not_introduced,0.001,passed
tests.test_nsis_template,test_progress_and_finish_pages_survive,0.001,passed
tests.test_nsis_template,test_no_log_list_and_no_manual_step_before_finish,0.001,passed
tests.test_nsis_template,test_finish_page_has_no_fake_readme_option,0.001,passed
tests.test_nsis_template,test_finish_page_runs_via_run_as_user,0.001,passed
tests.test_nsis_template,test_user_facing_text_is_localized_for_every_language,0.002,passed
tests.test_nsis_template,test_progress_page_header_is_ours_start_to_finish,0.001,passed
tests.test_nsis_template,test_status_text_is_honest,0.001,passed
tests.test_nsis_template,test_current_user_install_without_admin,0.001,passed
tests.test_nsis_template,test_install_dir_is_localappdata_and_upgrades_keep_old_path,0.001,passed
tests.test_nsis_template,test_shortcut_helpers_and_policy,0.002,passed
tests.test_nsis_template,test_command_line_switches_survive,0.001,passed
tests.test_nsis_template,test_exception_flows_still_have_their_pages,0.001,passed
tests.test_nsis_template,test_no_magplot_migration_in_the_installer,0.001,passed
tests.test_nsis_template,test_payload_and_registration_survive,0.002,passed
tests.test_nsis_template,test_template_exists_with_patch_markers,0.002,passed
tests.test_nsis_template,test_cli_version_pinned_and_in_sync,0.003,passed
tests.test_nsis_template,test_installer_bitmaps_match_the_generator,0.022,passed
tests.test_nsis_template,test_nsis_config_paths_resolve,0.002,passed
tests.test_nsis_template,test_generated_script_has_the_same_two_pages,0.002,skipped
tests.test_nsis_template,test_sidecar_layout_has_a_single_source_of_truth,0.003,passed
tests.test_nsis_template,test_desktop_bundle_carries_the_project_licence,0.002,passed
tests.test_nsis_template,test_generated_script_packs_the_project_licence,0.002,skipped
tests.test_nsis_template,test_install_registers_the_cli_through_the_bundled_binary,0.001,passed
tests.test_nsis_template,test_registration_failure_never_aborts_the_install,0.002,passed
tests.test_nsis_template,test_uninstall_removes_the_manifest_before_deleting_files,0.002,passed
tests.test_nsis_template,test_registration_does_not_need_admin,0.002,passed
tests.test_nsis_template,test_installer_leaves_the_user_path_alone,0.001,passed
tests.test_nsis_template,test_nightly_packaging_does_not_need_a_signing_key,0.002,passed
tests.test_open_script_route,test_existing_artifact_route_skips_probe,0.003,passed
tests.test_open_script_route,test_show_only_script_probes_and_lands_on_runtime_asset,0.003,passed
tests.test_open_script_route,test_multi_figure_hands_pick_to_ui_not_first_stem,0.004,passed
tests.test_open_script_route,test_stem_flag_selects_explicitly,0.003,passed
tests.test_open_script_route,test_unknown_stem_is_invalid_stem,0.003,passed
tests.test_open_script_route,test_no_probe_with_nothing_registered_says_script_no_figure,0.003,passed
tests.test_open_script_route,test_stale_same_stem_file_does_not_hijack_a_pyplot_capture,0.004,passed
tests.test_open_script_route,test_probe_failures_map_to_stable_codes[script_no_figure-script_no_figure],0.003,passed
tests.test_open_script_route,test_probe_failures_map_to_stable_codes[script_probe_failed-script_probe_failed],0.003,passed
tests.test_open_script_route,test_probe_failures_map_to_stable_codes[execution_timeout-execution_timeout],0.004,passed
tests.test_open_script_route,test_probe_failures_map_to_stable_codes[missing_dependency-native_run_required],0.003,passed
tests.test_open_script_route,test_captured_but_unregistered_is_runtime_asset_failed,0.003,passed
tests.test_open_script_route,test_stem_conflict_keeps_its_own_code,0.003,passed
tests.test_open_script_route,test_remote_409_maps_to_probe_in_progress,0.002,passed
tests.test_open_script_route,test_remote_probe_returns_none_without_instance,0.001,passed
tests.test_open_script_route,test_desktop_argv_carries_pick_for_multi_figure,0.001,passed
tests.test_open_script_route,test_browser_url_carries_pick,0.001,passed
tests.test_open_script_route,test_macos_open_argv_reuses_the_contract,0.001,passed
tests.test_open_script_route,test_open_target_multi_without_ui_requires_explicit_choice,0.003,passed
tests.test_open_script_route,test_open_target_multi_launches_the_picker,0.003,passed
tests.test_open_script_route,test_open_target_single_probe_lands_on_stem,0.003,passed
tests.test_open_script_route,test_stem_flag_rejected_for_non_script_targets,0.003,passed
tests.test_open_script_route,test_cli_passes_probe_flags,0.004,passed
tests.test_open_script_route,test_cli_probe_executes_once_and_handoff_never_reruns,0.393,passed
tests.test_package,test_package_roundtrip,0.008,passed
tests.test_package,test_package_open_reports_missing_and_drift,0.009,passed
tests.test_package,test_package_schema3_collects_assets_across_canvases,0.007,passed
tests.test_package,test_package_open_keys_off_structure_not_kind_or_extension,0.006,passed
tests.test_package,test_package_rejects_bad_zip,0.005,passed
tests.test_package,test_export_writes_proof_report,0.006,passed
tests.test_package_lookup,test_lookup_argv_is_pinned,0.002,passed
tests.test_package_lookup,test_the_option_terminator_sits_immediately_before_the_name,0.002,passed
tests.test_package_lookup,test_a_dash_leading_name_can_never_reach_argv[-i],0.002,passed
tests.test_package_lookup,test_a_dash_leading_name_can_never_reach_argv[-r],0.002,passed
tests.test_package_lookup,test_a_dash_leading_name_can_never_reach_argv[--index-url=http://evil.example/simple],0.002,passed
tests.test_package_lookup,test_a_dash_leading_name_can_never_reach_argv[--extra-index-url],0.002,passed
tests.test_package_lookup,test_a_dash_leading_name_can_never_reach_argv[--trusted-host],0.002,passed
tests.test_package_lookup,test_a_dash_leading_name_can_never_reach_argv[-],0.002,passed
tests.test_package_lookup,test_a_dash_leading_name_can_never_reach_argv[--],0.002,passed
tests.test_package_lookup,test_only_the_constant_alphabet_gets_through[lmfit;whoami],0.002,passed
tests.test_package_lookup,test_only_the_constant_alphabet_gets_through[lmfit rm],0.002,passed
tests.test_package_lookup,test_only_the_constant_alphabet_gets_through[lmfit`whoami`],0.002,passed
tests.test_package_lookup,test_only_the_constant_alphabet_gets_through[lmfit$(id)],0.002,passed
tests.test_package_lookup,test_only_the_constant_alphabet_gets_through[lmfit\n--index-url=http://evil],0.002,passed
tests.test_package_lookup,test_only_the_constant_alphabet_gets_through[lmfit\x00],0.002,passed
tests.test_package_lookup,test_only_the_constant_alphabet_gets_through[LMFIT],0.002,passed
tests.test_package_lookup,test_only_the_constant_alphabet_gets_through[lmfit_x],0.002,passed
tests.test_package_lookup,test_only_the_constant_alphabet_gets_through[lmfit.x],0.002,passed
tests.test_package_lookup,test_only_the_constant_alphabet_gets_through[lm\xe9fit],0.002,passed
tests.test_package_lookup,test_only_the_constant_alphabet_gets_through[],0.002,passed
tests.test_package_lookup,test_only_the_constant_alphabet_gets_through[   ],0.002,passed
tests.test_package_lookup,test_the_argv_name_is_rebuilt_and_never_the_input_string,0.009,passed
tests.test_package_lookup,test_a_normalised_name_survives_the_rebuild_byte_for_byte[lmfit],0.002,passed
tests.test_package_lookup,test_a_normalised_name_survives_the_rebuild_byte_for_byte[scikit-learn],0.002,passed
tests.test_package_lookup,test_a_normalised_name_survives_the_rebuild_byte_for_byte[numpy],0.002,passed
tests.test_package_lookup,test_a_normalised_name_survives_the_rebuild_byte_for_byte[a],0.002,passed
tests.test_package_lookup,test_a_normalised_name_survives_the_rebuild_byte_for_byte[x0],0.002,passed
tests.test_package_lookup,test_a_normalised_name_survives_the_rebuild_byte_for_byte[a-b-c],0.002,passed
tests.test_package_lookup,test_a_normalised_name_survives_the_rebuild_byte_for_byte[0x],0.002,passed
tests.test_package_lookup,test_lookup_runs_a_list_argv_and_never_a_shell,0.008,passed
tests.test_package_lookup,test_a_hostile_name_dies_before_any_subprocess[-r requirements.txt],0.003,passed
tests.test_package_lookup,test_a_hostile_name_dies_before_any_subprocess[--index-url http://evil.example/simple],0.003,passed
tests.test_package_lookup,test_a_hostile_name_dies_before_any_subprocess[https://evil.example/x.whl],0.003,passed
tests.test_package_lookup,test_a_hostile_name_dies_before_any_subprocess[git+https://evil.example/x],0.003,passed
tests.test_package_lookup,test_a_hostile_name_dies_before_any_subprocess[file:///etc/passwd],0.003,passed
tests.test_package_lookup,test_a_hostile_name_dies_before_any_subprocess[../../etc/passwd],0.003,passed
tests.test_package_lookup,test_a_hostile_name_dies_before_any_subprocess[pkg @ https://evil.example/x.whl],0.003,passed
tests.test_package_lookup,test_a_hostile_name_dies_before_any_subprocess[pkg[extra]],0.003,passed
tests.test_package_lookup,test_a_hostile_name_dies_before_any_subprocess[pkg; os_name=='nt'],0.003,passed
tests.test_package_lookup,test_a_hostile_name_dies_before_any_subprocess[pkg && rm -rf /],0.003,passed
tests.test_package_lookup,test_a_hostile_name_dies_before_any_subprocess[pkg`whoami`],0.003,passed
tests.test_package_lookup,test_a_hostile_name_dies_before_any_subprocess[$(whoami)],0.003,passed
tests.test_package_lookup,test_a_hostile_name_dies_before_any_subprocess[],0.003,passed
tests.test_package_lookup,test_a_hostile_name_dies_before_any_subprocess[   ],0.003,passed
tests.test_package_lookup,test_a_version_specifier_is_refused,0.003,passed
tests.test_package_lookup,test_the_name_is_normalised_before_it_reaches_pip,0.004,passed
tests.test_package_lookup,test_offline_is_reported_when_the_index_cannot_be_reached,0.004,passed
tests.test_package_lookup,test_not_found_is_reported_when_the_index_answered_and_had_no_such_name,0.004,passed
tests.test_package_lookup,test_the_network_verdict_wins_over_the_not_found_verdict,0.002,passed
tests.test_package_lookup,test_timeout_is_its_own_code_and_comes_from_a_structural_signal,0.004,passed
tests.test_package_lookup,test_an_unreadable_answer_is_a_failure_not_an_empty_result,0.004,passed
tests.test_package_lookup,test_without_any_python_lookup_fails_instead_of_pretending,0.003,passed
tests.test_package_lookup,test_the_four_lookup_codes_are_a_closed_set,0.002,passed
tests.test_package_lookup,test_a_found_package_keeps_pips_version_order,0.004,passed
tests.test_package_lookup,test_installed_answers_about_the_target_environment_only,0.003,passed
tests.test_package_lookup,test_installed_comes_from_the_managed_env_when_there_is_one,0.004,passed
tests.test_package_lookup,test_source_has_three_values_because_unknown_is_one_of_them[True-custom_index],0.004,passed
tests.test_package_lookup,test_source_has_three_values_because_unknown_is_one_of_them[False-pypi],0.004,passed
tests.test_package_lookup,test_source_has_three_values_because_unknown_is_one_of_them[None-unknown],0.004,passed
tests.test_package_lookup,test_the_response_carries_no_paths_no_urls_and_no_pip_output,0.004,passed
tests.test_package_lookup,test_the_version_table_is_bounded,0.004,passed
tests.test_package_lookup,test_parsing_reads_only_the_two_prefixes_it_knows,0.002,passed
tests.test_package_lookup,test_lookup_is_registered_and_is_not_public,0.002,passed
tests.test_package_lookup,test_lookup_endpoint_returns_the_payload,0.005,passed
tests.test_package_lookup,test_lookup_endpoint_status_matches_the_next_step[1-ERROR: No matching distribution found for tavotto-no-such-pkg-xyz\n-False-package_lookup_not_found-404],0.005,passed
tests.test_package_lookup,"test_lookup_endpoint_status_matches_the_next_step[1-WARNING: Retrying (Retry(total=0, connect=None, read=None, redirect=None, status=None)) after connection broken by 'NewConnectionError('<pip._vendor.urllib3.connection.HTTPConnection object at 0x1097f1be0>: Failed to establish a new connection: [Errno 61] Connection refused')': /simple/lmfit/\nERROR: No matching distribution found for lmfit\n-False-package_lookup_offline-503]",0.005,passed
tests.test_package_lookup,test_lookup_endpoint_status_matches_the_next_step[1--True-package_lookup_timeout-504],0.005,passed
tests.test_package_lookup,test_lookup_endpoint_status_matches_the_next_step[0-unreadable-False-package_lookup_failed-502],0.005,passed
tests.test_package_lookup,test_lookup_endpoint_refuses_a_bad_name_with_400,0.004,passed
tests.test_package_lookup,test_lookup_without_a_project_is_refused,0.002,passed
tests.test_package_lookup,test_lookup_never_writes_to_the_managed_environment,0.004,passed
tests.test_package_management,test_no_project_means_disabled_with_a_reason,0.002,passed
tests.test_package_management,test_listing_without_a_managed_env_starts_no_subprocess,0.003,passed
tests.test_package_management,test_builtin_is_the_dependency_closure_not_a_hardcoded_list,0.004,passed
tests.test_package_management,test_user_package_status_reflects_the_environment_not_the_ledger,0.004,passed
tests.test_package_management,test_a_user_installed_numpy_is_marked_protected,0.004,passed
tests.test_package_management,test_listing_never_carries_paths_or_index_urls,0.004,passed
tests.test_package_management,test_protected_closure_follows_requires_transitively,0.002,passed
tests.test_package_management,test_protected_closure_without_an_inventory_is_the_base_set_only,0.002,passed
tests.test_package_management,test_pip_argv_shapes_are_pinned,0.002,passed
tests.test_package_management,test_a_hostile_spec_dies_at_plan_time_and_pip_is_never_called[-r evil.txt],0.004,passed
tests.test_package_management,test_a_hostile_spec_dies_at_plan_time_and_pip_is_never_called[--index-url http://evil],0.004,passed
tests.test_package_management,test_a_hostile_spec_dies_at_plan_time_and_pip_is_never_called[lmfit --index-url http://evil],0.004,passed
tests.test_package_management,test_a_hostile_spec_dies_at_plan_time_and_pip_is_never_called[lmfit; rm -rf /],0.004,passed
tests.test_package_management,test_a_hostile_spec_dies_at_plan_time_and_pip_is_never_called[lmfit && echo x],0.004,passed
tests.test_package_management,test_a_hostile_spec_dies_at_plan_time_and_pip_is_never_called[https://evil/pkg.whl],0.004,passed
tests.test_package_management,test_a_hostile_spec_dies_at_plan_time_and_pip_is_never_called[git+https://evil/repo],0.004,passed
tests.test_package_management,test_a_hostile_spec_dies_at_plan_time_and_pip_is_never_called[../local-package],0.005,passed
tests.test_package_management,test_a_hostile_spec_dies_at_plan_time_and_pip_is_never_called[pkg @ https://evil],0.005,passed
tests.test_package_management,test_a_hostile_spec_dies_at_plan_time_and_pip_is_never_called[lmfit[extra]],0.005,passed
tests.test_package_management,test_a_hostile_spec_dies_at_plan_time_and_pip_is_never_called[lmfit ==1.0],0.006,passed
tests.test_package_management,test_a_hostile_spec_dies_at_plan_time_and_pip_is_never_called[$(whoami)],0.004,passed
tests.test_package_management,test_a_hostile_spec_dies_at_plan_time_and_pip_is_never_called[],0.004,passed
tests.test_package_management,test_uninstall_takes_a_bare_name_only,0.004,passed
tests.test_package_management,test_an_unknown_op_is_refused,0.004,passed
tests.test_package_management,test_the_bundled_runtime_and_the_project_venv_are_never_targets,0.004,passed
tests.test_package_management,test_uninstalling_a_builtin_is_refused,0.004,passed
tests.test_package_management,test_uninstalling_something_not_installed_is_refused,0.004,passed
tests.test_package_management,test_uninstall_job_reports_who_depends_on_it,0.004,passed
tests.test_package_management,test_update_and_uninstall_need_an_existing_environment,0.004,passed
tests.test_package_management,test_install_without_an_environment_plans_to_create_one,0.004,passed
tests.test_package_management,test_install_without_a_base_python_is_refused,0.003,passed
tests.test_package_management,test_low_disk_stops_at_plan_time,0.004,passed
tests.test_package_management,test_running_an_unknown_job_is_refused,0.002,passed
tests.test_package_management,test_a_changed_environment_makes_the_job_stale,0.004,passed
tests.test_package_management,test_jobs_are_bound_to_their_project,0.005,passed
tests.test_package_management,test_cancel_and_poll_refuse_another_projects_job,0.007,passed
tests.test_package_management,test_run_endpoint_reads_nothing_but_the_job_id,0.005,passed
tests.test_package_management,test_plan_endpoint_gives_stable_codes,0.005,passed
tests.test_package_management,test_list_endpoint_without_project_is_a_disabled_reason_not_an_error,0.002,passed
tests.test_package_management,test_a_job_and_a_repair_share_one_environment_lock,0.004,passed
tests.test_package_management,test_a_native_session_blocks_package_jobs_with_its_own_code,0.004,passed
tests.test_package_management,test_listing_reports_busy_while_the_environment_is_mutating,0.004,passed
tests.test_package_management,test_forget_install_removes_exactly_that_distribution,0.004,passed
tests.test_package_management,test_snapshots_are_kept_bounded_and_named_without_paths,0.006,passed
tests.test_package_management,test_install_update_uninstall_end_to_end,6.173,passed
tests.test_package_management,test_a_newer_wheel_really_upgrades,4.111,passed
tests.test_package_management,test_a_missing_package_is_reported_with_its_own_code,1.993,passed
tests.test_parasite_axes,test_the_parasite_axes_and_everything_on_it_reach_the_manifest,0.566,passed
tests.test_parasite_axes,test_the_parasite_is_named_as_a_twin_not_as_an_inset,0.463,passed
tests.test_parasite_axes,test_the_parasite_is_numbered_after_every_child_axes,0.905,passed
tests.test_parasite_axes,test_hot_equals_a_fresh_replay_for_parasite_overrides,1.128,passed
tests.test_parasite_axes,test_the_parasite_hides_position_and_visible_and_says_why,0.449,passed
tests.test_parasite_axes,test_those_two_props_really_are_dead_on_a_parasite,0.515,passed
tests.test_patchspec,test_last_wins_on_duplicate_gid_prop,0.002,passed
tests.test_patchspec,test_sorted_by_gid_then_prop,0.002,passed
tests.test_patchspec,test_invalid_entries_are_reported_not_silently_dropped,0.002,passed
tests.test_patchspec,test_non_list_input_is_a_diagnostic_not_a_crash,0.002,passed
tests.test_patchspec,test_deeply_nested_value_is_rejected_instead_of_blowing_the_stack,0.002,passed
tests.test_patchspec,test_huge_int_is_dropped_to_keep_rust_on_plain_i64,0.002,passed
tests.test_patchspec,test_extra_keys_do_not_change_identity,0.002,passed
tests.test_patchspec,test_canonical_json_is_stable_across_calls,0.002,passed
tests.test_patchspec,test_shuffled_input_hashes_the_same,0.002,passed
tests.test_patchspec,test_int_and_float_are_different_identities,0.002,passed
tests.test_patchspec,test_hash_prefix_and_length,0.002,passed
tests.test_patchspec,test_golden_file_states_the_cross_language_contract,0.003,passed
tests.test_patchspec,test_golden_vector[empty],0.002,passed
tests.test_patchspec,test_golden_vector[single],0.002,passed
tests.test_patchspec,test_golden_vector[last_wins],0.002,passed
tests.test_patchspec,test_golden_vector[order_independent],0.002,passed
tests.test_patchspec,test_golden_vector[sorted_equivalent],0.002,passed
tests.test_patchspec,test_golden_vector[invalid_dropped],0.002,passed
tests.test_patchspec,test_golden_vector[unicode_values],0.002,passed
tests.test_patchspec,test_golden_vector[floats],0.002,passed
tests.test_patchspec,test_golden_vector[nested_values],0.002,passed
tests.test_patchspec,test_golden_vector[scalars],0.002,passed
tests.test_patchspec,test_golden_vector[sort_order],0.002,passed
tests.test_patchspec,test_golden_vector[legend_anchor],0.002,passed
tests.test_patchspec,test_golden_float_formatting_is_pinned,0.002,passed
tests.test_patchspec,test_golden_vectors_round_trip_through_json,0.002,passed
tests.test_pr_conflict_domains.TestRealConfig,test_config_parses_and_declares_the_hot_domains,0.003,passed
tests.test_pr_conflict_domains.TestRealConfig,test_no_domain_declares_an_untracked_generated_path,0.002,passed
tests.test_pr_conflict_domains.TestRealConfig,test_two_frontend_prs_touching_different_files_do_not_warn,0.002,passed
tests.test_pr_conflict_domains.TestRealConfig,test_every_declared_path_style_matches_something_plausible,0.002,passed
tests.test_pr_conflict_domains.TestRealConfig,test_adr_numbering_is_a_declared_domain,0.002,passed
tests.test_pr_conflict_domains.TestRealConfig,test_the_adr_advice_asks_you_to_check_instead_of_asserting_a_collision,0.002,passed
tests.test_pr_conflict_domains.TestRealConfig,test_the_adr_domain_carries_its_own_advice,0.002,passed
tests.test_pr_conflict_domains.TestRealConfig,test_coordinate_is_an_accepted_policy,0.004,passed
tests.test_pr_conflict_domains.TestRealConfig,test_a_non_string_advice_is_rejected,0.004,passed
tests.test_pr_conflict_domains.TestRealConfig,test_broken_config_shapes_are_rejected,0.004,passed
tests.test_pr_conflict_domains.TestGlob,test_matching[web/src/**-web/src/a.ts-True],0.002,passed
tests.test_pr_conflict_domains.TestGlob,test_matching[web/src/**-web/src/deep/nested/b.tsx-True],0.002,passed
tests.test_pr_conflict_domains.TestGlob,test_matching[web/src/**-web/dist/a.ts-False],0.002,passed
tests.test_pr_conflict_domains.TestGlob,test_matching[.github/workflows/**-.github/workflows/ci.yml-True],0.002,passed
tests.test_pr_conflict_domains.TestGlob,test_matching[AGENTS.md-AGENTS.md-True],0.002,passed
tests.test_pr_conflict_domains.TestGlob,test_matching[AGENTS.md-docs/AGENTS.md-False],0.002,passed
tests.test_pr_conflict_domains.TestGlob,test_matching[scripts/ci/*.py-scripts/ci/soak.py-True],0.002,passed
tests.test_pr_conflict_domains.TestGlob,test_matching[scripts/ci/*.py-scripts/ci/sub/x.py-False],0.002,passed
tests.test_pr_conflict_domains.TestGlob,test_matching[tests/golden/**-tests/golden/patch_vectors.json-True],0.002,passed
tests.test_pr_conflict_domains.TestGlob,test_a_file_can_belong_to_multiple_domains,0.002,passed
tests.test_pr_conflict_domains.TestOverlaps,test_two_prs_both_touching_the_generated_bundle,0.004,passed
tests.test_pr_conflict_domains.TestOverlaps,test_source_change_vs_generated_change_is_an_indirect_overlap,0.004,passed
tests.test_pr_conflict_domains.TestOverlaps,test_two_source_edits_in_a_generated_domain_are_a_generated_overlap,0.004,passed
tests.test_pr_conflict_domains.TestOverlaps,test_domains_without_generated_do_not_invent_an_overlap,0.004,passed
tests.test_pr_conflict_domains.TestOverlaps,test_unrelated_prs_do_not_warn,0.002,passed
tests.test_pr_conflict_domains.TestOverlaps,test_draft_prs_still_warn,0.004,passed
tests.test_pr_conflict_domains.TestOverlaps,test_closed_prs_never_enter,0.002,passed
tests.test_pr_conflict_domains.TestOverlaps,test_own_pr_is_not_its_own_conflict,0.002,passed
tests.test_pr_conflict_domains.TestOverlaps,test_stack_parent_and_child_are_reported_as_overlap,0.002,passed
tests.test_pr_conflict_domains.TestApiBehaviour,test_pagination_walks_past_one_hundred,0.002,passed
tests.test_pr_conflict_domains.TestApiBehaviour,test_api_unavailable_warns_and_exits_zero,0.002,passed
tests.test_pr_conflict_domains.TestApiBehaviour,test_missing_config_warns_and_exits_zero,0.003,passed
tests.test_pr_conflict_domains.TestApiBehaviour,test_output_never_contains_the_token,0.002,passed
tests.test_pr_conflict_domains.TestApiBehaviour,test_no_hits_skips_fetching_other_prs_files,0.002,passed
tests.test_pr_conflict_domains.TestWorkflowContract,test_read_only_permissions,0.002,passed
tests.test_pr_conflict_domains.TestWorkflowContract,test_checks_out_the_trusted_default_branch,0.002,passed
tests.test_pr_conflict_domains.TestWorkflowContract,test_it_is_not_wired_into_the_merge_queue,0.002,passed
tests.test_pr_conflict_domains.TestWorkflowContract,test_it_is_not_a_required_context_in_the_migration_tool,0.002,passed
tests.test_pr_conflict_domains.TestWorkflowContract,test_bootstrap_window_is_a_skip_not_a_failure,0.002,passed
tests.test_preflight,test_canonical_file_lives_in_the_package,0.002,passed
tests.test_preflight,test_typescript_reads_the_same_file,0.003,passed
tests.test_preflight,test_default_profile_exists_and_validates,0.002,passed
tests.test_preflight,test_lab_profile_matches_the_agreed_numbers,0.002,passed
tests.test_preflight,test_unknown_profile_is_an_error_not_a_silent_default,0.002,passed
tests.test_preflight,test_journal_override_is_a_shallow_merge_that_keeps_identity,0.002,passed
tests.test_preflight,test_bad_journal_override_is_rejected,0.003,passed
tests.test_preflight,test_env_override_points_at_another_file,0.004,passed
tests.test_preflight,test_every_check_id_has_a_registered_severity,0.004,passed
tests.test_preflight,test_default_severity_is_not_silently_permissive,0.002,passed
tests.test_preflight,test_clean_figure_reports_nothing,0.002,passed
tests.test_preflight,test_width_check_uses_the_profile_not_a_hardcoded_number,0.002,passed
tests.test_preflight,test_aspect_ratio_check,0.002,passed
tests.test_preflight,test_effective_font_size_follows_the_final_physical_size,0.002,passed
tests.test_preflight,test_the_default_spec_has_exactly_one_minimum_font_size,0.002,passed
tests.test_preflight,test_the_strict_threshold_and_the_absolute_floor_are_still_two_checks,0.002,passed
tests.test_preflight,test_font_substitution_is_reported,0.002,passed
tests.test_preflight,test_cjk_without_fallback_is_reported,0.002,passed
tests.test_preflight,test_cjk_drawn_by_an_accepted_fallback_face_is_not_reported,0.002,passed
tests.test_preflight,test_cjk_drawn_by_an_unaccepted_face_names_that_face,0.002,passed
tests.test_preflight,test_raster_inner_text_is_not_verifiable_never_silently_passing,0.002,passed
tests.test_preflight,test_vector_panel_without_manifest_is_not_verifiable,0.002,passed
tests.test_preflight,test_data_semantics_are_only_suggestions,0.002,passed
tests.test_preflight,test_summarize_blocks_only_on_errors,0.002,passed
tests.test_preflight,test_golden_vectors_match_this_implementation,0.053,passed
tests.test_preflight,test_golden_vectors_are_asserted_on_the_typescript_side_too,0.002,passed
tests.test_preflight,test_golden_vector_file_covers_the_severity_ladder,0.003,passed
tests.test_preflight,test_every_issue_carries_a_translatable_message,0.003,passed
tests.test_preflight,test_every_message_key_is_registered_in_both_locales,0.003,passed
tests.test_preflight,test_the_export_context_rule_is_one_rule_on_both_sides,0.002,passed
tests.test_preflight,test_element_outside_the_figure_is_a_blocking_issue_located_on_that_element,0.002,passed
tests.test_preflight,test_axes_clipped_data_is_not_an_overflow_but_unclipped_text_still_is,0.002,passed
tests.test_preview_hybrid,test_cold_build_already_produces_the_hybrid_preview,11.422,passed
tests.test_preview_hybrid,test_hot_render_reports_hybrid_metadata,0.002,passed
tests.test_preview_hybrid,test_preview_plan_costs_nothing_next_to_the_savefig_it_saves,0.002,passed
tests.test_preview_hybrid,test_each_timing_key_measures_the_span_it_claims_to,0.002,passed
tests.test_preview_hybrid,test_hybrid_is_an_order_of_magnitude_smaller_than_the_vector_baseline,0.002,passed
tests.test_preview_hybrid,test_the_two_ways_of_counting_the_same_svg_agree,0.002,passed
tests.test_preview_hybrid,test_the_vector_control_group_really_is_vector,0.002,passed
tests.test_preview_hybrid,test_user_state_is_exactly_restored_after_every_preview,0.002,passed
tests.test_preview_hybrid,test_restoring_means_the_original_value_not_false,0.002,passed
tests.test_preview_hybrid,test_savefig_raising_still_restores_every_artist,0.002,passed
tests.test_preview_hybrid,test_context_manager_restores_each_original_value,0.002,passed
tests.test_preview_hybrid,test_a_failure_while_entering_rolls_back_what_was_already_set,0.002,passed
tests.test_preview_hybrid,test_a_failure_while_restoring_still_restores_the_others_and_shouts,0.002,passed
tests.test_preview_hybrid,test_semantic_manifest_does_not_change_with_the_representation,0.002,passed
tests.test_preview_hybrid,test_export_inherits_nothing_from_the_preview,0.002,passed
tests.test_preview_hybrid,test_the_hard_gate_still_bites_on_a_hybrid_product,0.002,passed
tests.test_preview_hybrid,test_text_axes_legend_and_ordinary_curves_stay_vector,0.002,passed
tests.test_preview_hybrid,test_rasterized_layers_may_lose_their_gid_node,0.002,passed
tests.test_preview_hybrid,test_rasterized_is_not_a_property_the_override_layer_knows_about,0.002,passed
tests.test_preview_hybrid,test_the_preview_representation_never_enters_the_override_table,0.002,passed
tests.test_preview_hybrid,test_the_byte_gate_catches_what_the_complexity_model_underestimated,0.002,passed
tests.test_preview_hybrid,test_no_second_pass_when_there_is_nothing_left_to_collect,0.002,passed
tests.test_preview_hybrid,test_ordinary_figures_are_byte_identical_to_a_world_without_hybrid,0.002,passed
tests.test_profile_store,test_builtin_specs_come_from_the_canonical_json,0.005,passed
tests.test_profile_store,test_builtin_style_is_derived_from_the_default_spec,0.005,passed
tests.test_profile_store,test_the_style_profile_has_no_ppi_of_its_own,0.004,passed
tests.test_profile_store,test_create_update_delete_and_duplicate,0.006,passed
tests.test_profile_store,test_duplicate_names_get_a_suffix_instead_of_merging,0.005,passed
tests.test_profile_store,test_builtins_cannot_be_changed_or_deleted,0.007,passed
tests.test_profile_store,test_revision_conflict_does_not_silently_overwrite,0.005,passed
tests.test_profile_store,test_reset_restores_the_builtin_it_was_copied_from,0.009,passed
tests.test_profile_store,test_user_specs_go_through_the_same_validation_as_builtins,0.005,passed
tests.test_profile_store,test_the_store_lives_in_the_user_data_dir,0.005,passed
tests.test_profile_store,test_write_leaves_no_temp_file_behind,0.007,passed
tests.test_profile_store,test_damaged_store_falls_back_to_builtins_and_keeps_the_bad_file,0.005,passed
tests.test_profile_store,test_a_newer_store_schema_is_left_completely_alone,0.006,passed
tests.test_profile_store,test_a_newer_store_schema_refuses_every_write,0.007,passed
tests.test_profile_store,test_the_extra_bucket_does_not_nest_itself_on_every_save,0.007,passed
tests.test_profile_store,test_a_custom_spec_with_a_broken_nested_shape_is_rejected[broken0],0.007,passed
tests.test_profile_store,test_a_custom_spec_with_a_broken_nested_shape_is_rejected[broken1],0.007,passed
tests.test_profile_store,test_a_custom_spec_with_a_broken_nested_shape_is_rejected[broken2],0.006,passed
tests.test_profile_store,test_a_custom_spec_with_a_broken_nested_shape_is_rejected[broken3],0.006,passed
tests.test_profile_store,test_a_custom_spec_with_a_broken_nested_shape_is_rejected[broken4],0.024,passed
tests.test_profile_store,test_a_custom_spec_with_a_broken_nested_shape_is_rejected[broken5],0.014,passed
tests.test_profile_store,test_a_custom_spec_with_a_broken_nested_shape_is_rejected[broken6],0.006,passed
tests.test_profile_store,test_a_custom_spec_with_a_broken_nested_shape_is_rejected[broken7],0.008,passed
tests.test_profile_store,test_a_custom_spec_with_a_broken_nested_shape_is_rejected[broken8],0.011,passed
tests.test_profile_store,test_a_zero_font_floor_is_a_legal_journal_override,0.009,passed
tests.test_profile_store,test_one_broken_entry_does_not_take_the_whole_list_down,0.026,passed
tests.test_profile_store,test_export_import_roundtrip_creates_a_new_profile,0.039,passed
tests.test_profile_store,test_invalid_import_is_rejected_with_a_specific_code[{ nope-profile_bad_json],0.423,passed
tests.test_profile_store,"test_invalid_import_is_rejected_with_a_specific_code[{""format"": ""other"", ""schema"": 1, ""kind"": ""style""}-profile_bad_format]",0.013,passed
tests.test_profile_store,"test_invalid_import_is_rejected_with_a_specific_code[{""format"": ""tavotto.profile"", ""schema"": 99, ""kind"": ""style""}-profile_bad_schema]",0.019,passed
tests.test_profile_store,"test_invalid_import_is_rejected_with_a_specific_code[{""format"": ""tavotto.profile"", ""schema"": 1, ""kind"": ""nope""}-profile_bad_kind]",0.310,passed
tests.test_profile_store,"test_invalid_import_is_rejected_with_a_specific_code[{""format"": ""tavotto.profile"", ""schema"": 1, ""kind"": ""style"", ""data"": {}}-name_missing]",0.023,passed
tests.test_profile_store,test_oversized_import_is_rejected_before_parsing,0.025,passed
tests.test_profile_store,test_unmapped_fields_survive_the_import_and_are_reported,0.021,passed
tests.test_profile_store,test_legacy_styles_move_into_the_store_and_the_old_slot_is_emptied,0.009,passed
tests.test_profile_store,test_migration_is_idempotent,0.013,passed
tests.test_profile_store,test_migration_keeps_unmappable_fields_and_records_a_warning,0.008,passed
tests.test_profile_store,test_migration_without_a_legacy_file_does_nothing,0.029,passed
tests.test_profile_store,test_the_default_spec_carries_exactly_one_minimum_font_size,0.012,passed
tests.test_profile_store,test_no_evaluator_or_ui_hardcodes_a_minimum_font_size,0.060,passed
tests.test_profile_store,test_font_floor_fallback_is_one_number_on_both_sides,0.006,passed
tests.test_profile_store,test_an_explicit_historical_八点五_is_preserved,0.013,passed
tests.test_profile_store,test_http_crud_and_conflict,0.024,passed
tests.test_profile_store,test_http_refuses_a_patch_without_a_revision,0.007,passed
tests.test_profile_store,test_http_migrates_the_legacy_file_on_first_read,0.007,passed
tests.test_profile_store,test_http_bad_kind_is_a_400_not_a_500,0.005,passed
tests.test_profile_store,test_resolve_spec_finds_both_builtin_and_user_specs,0.010,passed
tests.test_profile_store,test_resolve_spec_refuses_an_unknown_id,0.005,passed
tests.test_profile_store,test_a_bad_journal_says_so_instead_of_blaming_the_profile_id,0.006,passed
tests.test_project_env,test_the_fixture_venv_inherits_from_the_host_not_from_its_base,3.653,passed
tests.test_project_env,test_the_pth_is_pure_ascii_and_the_paths_live_in_utf8_source,0.003,passed
tests.test_project_env,test_the_fixture_grades_a_broken_premise_instead_of_blaming_the_product,1.868,passed
tests.test_project_env,test_make_project_venv_never_returns_a_venv_it_has_not_verified,1.239,passed
tests.test_project_env,test_only_a_real_venv_counts,0.005,passed
tests.test_project_env,test_discovery_prefers_the_nearest_then_dotvenv,0.006,passed
tests.test_project_env,test_discovery_is_deterministic,0.008,passed
tests.test_project_env,test_discovery_never_leaves_the_project_root,0.004,passed
tests.test_project_env,test_discovery_does_not_follow_a_symlink_out_of_the_project,0.004,passed
tests.test_project_env,test_module_name_must_be_a_bare_identifier,0.003,passed
tests.test_project_env,test_support_status_is_asymmetric_between_python_and_matplotlib,0.002,passed
tests.test_project_env,test_health_probe_really_runs_inside_the_venv,1.637,passed
tests.test_project_env,test_project_venv_starts_the_worker_without_installing_tavotto,1.666,passed
tests.test_project_env,test_health_probe_separates_missing_module_from_broken_env,1.892,passed
tests.test_project_env,test_health_probe_reports_an_unusable_interpreter,0.007,passed
tests.test_project_env,test_missing_dependency_falls_back_to_the_project_venv,2.398,passed
tests.test_project_env,test_the_switch_is_remembered_project_scoped_not_globally,2.327,passed
tests.test_project_env,test_worker_identity_includes_the_interpreter,2.200,passed
tests.test_project_env,test_replay_and_export_use_the_same_interpreter,2.839,passed
tests.test_project_env,test_never_mixes_site_packages,2.317,passed
tests.test_project_env,test_explicit_configuration_wins_over_automatic_discovery,2.620,passed
tests.test_project_env,test_a_stale_env_var_does_not_hide_an_explicit_setting,2.433,passed
tests.test_project_env,test_fallback_is_attempted_at_most_once,3.315,passed
tests.test_project_env,test_only_missing_dependency_triggers_a_switch,1.692,passed
tests.test_project_env,test_the_app_endpoint_retry_shares_the_same_predicate,0.002,passed
tests.test_project_env,test_no_automatic_switch_without_a_module_name,0.004,passed
tests.test_project_env,test_nothing_is_ever_installed,0.608,passed
tests.test_project_env,test_remembered_environment_survives_a_project_move,2.372,passed
tests.test_project_env,test_forget_returns_the_project_to_the_default_chain,2.431,passed
tests.test_project_env,test_environment_endpoint_reports_the_project_environment,2.586,passed
tests.test_project_env,test_environment_endpoint_still_works_without_a_project,0.237,passed
tests.test_project_env,test_project_scope_patch_never_touches_the_global_setting,1.970,passed
tests.test_project_env,test_project_scope_patch_refuses_an_unusable_environment,1.284,passed
tests.test_project_env,test_diagnostics_explains_why_this_python_was_chosen,2.329,passed
tests.test_project_env,test_system_interpreters_are_probed_when_no_venv_is_found,2.110,passed
tests.test_project_env,test_the_interpreter_that_reported_the_missing_module_is_not_probed_again,0.113,passed
tests.test_project_env,test_system_probing_stops_at_the_first_healthy_one_and_keeps_the_rejected,0.004,passed
tests.test_project_env,test_system_probing_never_runs_without_a_verifiable_module,0.003,passed
tests.test_project_env,test_dedupe_is_by_path_not_by_realpath,0.004,passed
tests.test_project_env,test_the_health_probe_sees_what_the_worker_would_see,0.224,passed
tests.test_project_env,test_the_probe_does_not_pick_up_modules_from_the_parent_cwd,0.226,passed
tests.test_project_env,test_a_missing_scratch_dir_is_a_structured_failure_not_a_500,0.002,passed
tests.test_project_env,test_the_probe_scratch_dir_lives_under_the_data_dir,0.225,passed
tests.test_project_env,test_remembered_source_tells_outside_interpreters_from_the_project_venv,0.004,passed
tests.test_project_env,test_adopting_a_system_interpreter_from_the_panel_verifies_the_module,3.508,passed
tests.test_project_env,test_a_hostile_module_name_is_dropped_by_the_adopt_endpoint,0.006,passed
tests.test_project_readiness.TestClassification,test_registered_script_on_disk_is_editable,0.006,passed
tests.test_project_readiness.TestClassification,test_a_unique_static_candidate_that_is_not_registered_yet_is_auto_linkable,0.005,passed
tests.test_project_readiness.TestClassification,test_dynamic_output_names_need_a_probe,0.004,passed
tests.test_project_readiness.TestClassification,test_two_scripts_claiming_one_stem_is_a_conflict_and_is_never_auto_resolved,0.005,passed
tests.test_project_readiness.TestClassification,test_a_registered_script_that_vanished_is_source_missing_not_a_broken_file,0.004,passed
tests.test_project_readiness.TestClassification,test_source_missing_offers_a_new_claimant_as_a_candidate,0.004,passed
tests.test_project_readiness.TestClassification,test_a_plain_image_with_no_candidate_is_layout_only,0.004,passed
tests.test_project_readiness.TestClassification,test_a_read_only_project_is_a_state_not_a_failure,0.005,passed
tests.test_project_readiness.TestClassification,test_an_invalid_registry_on_disk_does_not_lose_the_assets,0.005,passed
tests.test_project_readiness.TestClassification,test_a_failed_registry_write_is_told_apart_from_not_written_yet,0.005,passed
tests.test_project_readiness.TestClassification,test_a_write_failure_during_refresh_is_recorded_and_then_cleared,0.005,passed
tests.test_project_readiness.TestClassification,test_a_structurally_invalid_registry_counts_as_invalid,0.004,passed
tests.test_project_readiness.TestClassification,test_a_legacy_registry_file_still_counts,0.005,passed
tests.test_project_readiness.TestClassification,test_a_project_with_no_registry_file_at_all,0.004,passed
tests.test_project_readiness.TestClassification,test_scripts_in_subdirectories,0.005,passed
tests.test_project_readiness.TestClassification,test_one_script_many_stems,0.005,passed
tests.test_project_readiness.TestClassification,test_the_same_stem_in_two_formats_counts_twice_and_shares_one_source,0.005,passed
tests.test_project_readiness.TestClassification,test_the_stem_is_reported_and_is_not_the_id_nor_the_first_dot_segment,0.004,passed
tests.test_project_readiness.TestClassification,test_the_registry_wins_over_a_static_conflict,0.005,passed
tests.test_project_readiness.TestEnums,test_every_reported_combination_is_declared,0.007,passed
tests.test_project_readiness.TestEnums,test_the_declared_table_has_no_dead_rows,0.002,passed
tests.test_project_readiness.TestNeverRunsUserCode,test_readiness_never_probes_and_never_executes_a_script,0.013,passed
tests.test_project_readiness.TestNeverRunsUserCode,test_readiness_does_not_touch_the_registry_on_disk_or_in_memory,0.005,passed
tests.test_project_readiness.TestNeverRunsUserCode,test_the_endpoint_does_not_write_anything_to_the_project,0.006,passed
tests.test_project_readiness.TestNeverRunsUserCode,test_no_absolute_path_and_no_file_content_leaks_into_the_report,0.007,passed
tests.test_project_readiness.TestSummaryAndFingerprint,test_every_panel_counts_exactly_once,0.006,passed
tests.test_project_readiness.TestSummaryAndFingerprint,test_an_empty_project_is_all_zeros,0.004,passed
tests.test_project_readiness.TestSummaryAndFingerprint,test_panel_order_is_stable,0.007,passed
tests.test_project_readiness.TestSummaryAndFingerprint,test_the_same_facts_give_the_same_fingerprint,0.007,passed
tests.test_project_readiness.TestSummaryAndFingerprint,test_generated_at_is_not_part_of_the_fingerprint,0.009,passed
tests.test_project_readiness.TestSummaryAndFingerprint,test_a_status_change_changes_the_fingerprint,0.005,passed
tests.test_project_readiness.TestSummaryAndFingerprint,test_an_unrelated_file_does_not_move_the_fingerprint,0.006,passed
tests.test_project_readiness.TestCache,test_a_second_request_does_not_rescan,0.005,passed
tests.test_project_readiness.TestCache,test_the_returned_report_is_never_the_cached_object,0.005,passed
tests.test_project_readiness.TestCache,test_a_new_script_invalidates_the_cache,0.005,passed
tests.test_project_readiness.TestCache,test_an_in_place_edit_of_the_same_length_still_invalidates,0.005,passed
tests.test_project_readiness.TestCache,test_an_edit_that_keeps_the_mtime_still_invalidates,0.005,passed
tests.test_project_readiness.TestCache,test_the_in_memory_registry_is_part_of_the_cache_key,0.005,passed
tests.test_project_readiness.TestCache,test_a_new_asset_invalidates_the_cache,0.005,passed
tests.test_project_readiness.TestCache,test_a_refresh_that_changed_something_drops_the_cache,0.006,passed
tests.test_project_readiness.TestCache,test_a_refresh_that_changed_nothing_keeps_the_cache,0.005,passed
tests.test_project_readiness.TestCache,test_two_projects_do_not_share_a_cache,0.005,passed
tests.test_project_readiness.TestCache,test_a_failed_scan_is_not_cached_and_recovers,0.004,passed
tests.test_project_readiness.TestCache,test_the_cache_survives_concurrent_readers,0.009,passed
tests.test_project_readiness.TestEndpoint,test_readiness_needs_an_open_project,0.002,passed
tests.test_project_readiness.TestEndpoint,test_the_response_shape,0.006,passed
tests.test_project_readiness.TestEndpoint,test_readiness_is_project_isolated,0.007,passed
tests.test_project_readiness.TestEndpoint,test_an_invalid_registry_is_not_a_500_and_keeps_every_asset,0.006,passed
tests.test_project_readiness.TestEndpoint,test_readiness_publishes_no_sse_event,0.007,passed
tests.test_project_readiness.TestPanelsIntegration,test_capability_comes_from_the_same_report,0.008,passed
tests.test_project_readiness.TestPanelsIntegration,test_editable_panels_keep_the_old_script_field,0.006,passed
tests.test_project_readiness.TestPanelsIntegration,test_a_layout_only_panel_never_gets_a_fake_script,0.005,passed
tests.test_project_readiness.TestPanelsIntegration,test_a_panel_with_candidates_still_has_no_script,0.006,passed
tests.test_project_readiness.TestPanelsIntegration,test_the_old_panel_fields_do_not_regress,0.006,passed
tests.test_project_watch.TestSnapshot,test_signature_notices_a_same_size_rewrite,0.004,passed
tests.test_project_watch.TestSnapshot,test_signature_notices_a_same_mtime_rewrite,0.004,passed
tests.test_project_watch.TestSnapshot,test_script_scope_matches_discover,0.005,passed
tests.test_project_watch.TestSnapshot,test_asset_scope_matches_the_refresh_predicate,0.004,passed
tests.test_project_watch.TestSnapshot,test_an_unreadable_project_dir_is_not_an_empty_project,0.004,passed
tests.test_project_watch.TestSnapshot,test_an_unreadable_script_subtree_voids_the_whole_snapshot,0.004,passed
tests.test_project_watch.TestSnapshot,test_an_unreadable_asset_subtree_voids_the_whole_snapshot,0.004,passed
tests.test_project_watch.TestSnapshot,test_the_product_views_stay_forgiving,0.005,passed
tests.test_project_watch.TestChangeKinds,test_registered_script_edited,0.004,passed
tests.test_project_watch.TestChangeKinds,test_new_unregistered_script_is_discovered,0.004,passed
tests.test_project_watch.TestChangeKinds,test_an_unregistered_script_invalidates_nothing,0.004,passed
tests.test_project_watch.TestChangeKinds,test_deleted_script_invalidates_but_does_not_ask_for_a_rerender,0.004,passed
tests.test_project_watch.TestChangeKinds,test_rename_is_one_batch,0.004,passed
tests.test_project_watch.TestChangeKinds,test_atomic_replace_is_detected,0.004,passed
tests.test_project_watch.TestChangeKinds,test_style_module_invalidates_the_whole_project_only,0.005,passed
tests.test_project_watch.TestChangeKinds,test_new_registry_edited_externally,0.004,passed
tests.test_project_watch.TestChangeKinds,test_legacy_registry_edited_externally,0.005,passed
tests.test_project_watch.TestChangeKinds,test_registry_deleted,0.004,passed
tests.test_project_watch.TestChangeKinds,test_new_pdf,0.005,passed
tests.test_project_watch.TestChangeKinds,test_modified_png,0.005,passed
tests.test_project_watch.TestChangeKinds,test_deleted_jpg,0.004,passed
tests.test_project_watch.TestChangeKinds,test_renamed_asset_is_one_batch,0.005,passed
tests.test_project_watch.TestChangeKinds,test_a_new_image_does_not_invalidate_unrelated_workers,0.005,passed
tests.test_project_watch.TestBatching,test_a_burst_of_writes_becomes_one_refresh,0.004,passed
tests.test_project_watch.TestBatching,test_a_never_quiet_directory_still_gets_refreshed,0.007,passed
tests.test_project_watch.TestBatching,test_changes_during_a_refresh_are_not_lost,0.004,passed
tests.test_project_watch.TestBatching,test_a_batch_already_taken_out_is_still_dropped_after_stop,0.004,passed
tests.test_project_watch.TestBatching,test_stop_cancels_the_pending_batch,0.004,passed
tests.test_project_watch.TestSelfWriteLoop,test_our_own_registry_write_does_not_loop,0.008,passed
tests.test_project_watch.TestSelfWriteLoop,test_an_external_edit_right_after_our_write_still_triggers,0.009,passed
tests.test_project_watch.TestSelfWriteLoop,test_a_self_written_registry_does_not_swallow_the_rest_of_the_batch,0.009,passed
tests.test_project_watch.TestErrors,test_broken_registry_reports_and_recovers,0.008,passed
tests.test_project_watch.TestErrors,test_a_throwing_callback_does_not_kill_the_loop,0.007,passed
tests.test_project_watch.TestErrors,test_a_vanished_project_dir_is_not_a_mass_delete,0.005,passed
tests.test_project_watch.TestNoSideEffects,test_watcher_never_runs_user_code_or_probes,0.009,passed
tests.test_project_watch.TestLifecycle,test_two_projects_are_isolated,0.005,passed
tests.test_project_watch.TestLifecycle,test_same_named_scripts_in_two_projects_do_not_cross,0.004,passed
tests.test_project_watch.TestLifecycle,test_style_change_only_invalidates_its_own_project,0.004,passed
tests.test_project_watch.TestLifecycle,test_invalidate_project_only_touches_its_own_project,0.005,passed
tests.test_project_watch.TestLifecycle,test_restarting_the_same_path_leaves_one_thread,0.016,passed
tests.test_project_watch.TestLifecycle,test_close_project_stops_the_watcher,0.006,passed
tests.test_project_watch.TestLifecycle,test_reset_projects_stops_every_watcher,0.007,passed
tests.test_project_watch.TestLifecycle,test_the_thread_survives_a_polling_exception,0.081,passed
tests.test_project_watch.TestEndToEnd,test_events_carry_the_right_project,0.011,passed
tests.test_project_watch.TestEndToEnd,test_the_watcher_does_not_publish_a_second_registry_event,0.010,passed
tests.test_project_watch.TestEndToEnd,test_a_background_failure_reaches_the_event_stream,0.012,passed
tests.test_project_watch.TestEndToEnd,test_a_live_watcher_picks_up_a_new_script,0.074,passed
tests.test_pytest_shard,test_assignment_is_deterministic_and_greedy_by_weight,0.002,passed
tests.test_pytest_shard,test_assignment_does_not_depend_on_collection_order,0.002,passed
tests.test_pytest_shard,test_ties_go_to_the_lower_shard_then_by_path,0.002,passed
tests.test_pytest_shard,test_a_file_is_never_split_across_shards,0.002,passed
tests.test_pytest_shard,test_nodeids_inside_a_shard_keep_collection_order,0.002,passed
tests.test_pytest_shard,test_union_equals_full_set_and_shards_are_disjoint,0.002,passed
tests.test_pytest_shard,test_default_weight_is_the_75th_percentile_nearest_rank,0.002,passed
tests.test_pytest_shard,test_unknown_files_get_the_default_weight_not_zero,0.002,passed
tests.test_pytest_shard,test_default_weight_of_an_empty_table_is_an_error,0.002,passed
tests.test_pytest_shard,test_bad_shard_spec_is_rejected[3/2],0.003,passed
tests.test_pytest_shard,test_bad_shard_spec_is_rejected[0/2],0.002,passed
tests.test_pytest_shard,test_bad_shard_spec_is_rejected[1/0],0.002,passed
tests.test_pytest_shard,test_bad_shard_spec_is_rejected[0/0],0.002,passed
tests.test_pytest_shard,test_bad_shard_spec_is_rejected[abc],0.002,passed
tests.test_pytest_shard,test_bad_shard_spec_is_rejected[],0.002,passed
tests.test_pytest_shard,test_bad_shard_spec_is_rejected[1/],0.002,passed
tests.test_pytest_shard,test_bad_shard_spec_is_rejected[/2],0.002,passed
tests.test_pytest_shard,test_bad_shard_spec_is_rejected[1/2/3],0.002,passed
tests.test_pytest_shard,test_bad_shard_spec_is_rejected[-1/2],0.002,passed
tests.test_pytest_shard,test_good_shard_spec[1/1-expected0],0.002,passed
tests.test_pytest_shard,test_good_shard_spec[2/2-expected1],0.002,passed
tests.test_pytest_shard,test_good_shard_spec[ 1 / 3 -expected2],0.002,passed
tests.test_pytest_shard,test_zero_shards_is_rejected_by_assign_and_plan,0.002,passed
tests.test_pytest_shard,test_shard_index_out_of_range_is_rejected_by_plan,0.002,passed
tests.test_pytest_shard,test_empty_collection_is_an_error_not_an_empty_green_run,0.002,passed
tests.test_pytest_shard,test_more_shards_than_files_is_an_error,0.002,passed
tests.test_pytest_shard,test_duplicate_nodeids_in_the_collection_are_rejected,0.002,passed
tests.test_pytest_shard,test_a_plan_that_drops_a_file_fails_the_union_check,0.002,passed
tests.test_pytest_shard,test_a_plan_with_an_extra_nodeid_fails_the_union_check,0.002,passed
tests.test_pytest_shard,test_overlapping_shards_fail_the_disjointness_check,0.002,passed
tests.test_pytest_shard,test_bad_weight_tables_are_rejected[bad_json],0.004,passed
tests.test_pytest_shard,test_bad_weight_tables_are_rejected[not_an_object],0.004,passed
tests.test_pytest_shard,test_bad_weight_tables_are_rejected[no_provenance],0.004,passed
tests.test_pytest_shard,test_bad_weight_tables_are_rejected[empty],0.004,passed
tests.test_pytest_shard,test_bad_weight_tables_are_rejected[weights_not_an_object],0.004,passed
tests.test_pytest_shard,test_bad_weight_tables_are_rejected[negative],0.005,passed
tests.test_pytest_shard,test_bad_weight_tables_are_rejected[bool],0.004,passed
tests.test_pytest_shard,test_bad_weight_tables_are_rejected[string],0.004,passed
tests.test_pytest_shard,test_bad_weight_tables_are_rejected[nan],0.004,passed
tests.test_pytest_shard,test_bad_weight_tables_are_rejected[inf],0.004,passed
tests.test_pytest_shard,test_bad_weight_tables_are_rejected[not_py],0.004,passed
tests.test_pytest_shard,test_bad_weight_tables_are_rejected[backslash],0.004,passed
tests.test_pytest_shard,test_bad_weight_tables_are_rejected[absolute],0.004,passed
tests.test_pytest_shard,test_missing_weight_table_is_rejected,0.004,passed
tests.test_pytest_shard,test_a_good_weight_table_loads_as_floats,0.004,passed
tests.test_pytest_shard,test_the_real_weight_table_loads_and_says_where_it_came_from,0.003,passed
tests.test_pytest_shard,test_weights_from_junit_sums_time_per_file_and_maps_classnames,0.004,passed
tests.test_pytest_shard,test_weights_from_junit_refuses_a_classname_that_maps_to_no_file,0.004,passed
tests.test_pytest_shard,test_weights_from_junit_refuses_an_empty_junit,0.004,passed
tests.test_pytest_shard,test_a_bad_shard_spec_is_a_usage_error_not_a_silent_full_run[3/2],0.195,passed
tests.test_pytest_shard,test_a_bad_shard_spec_is_a_usage_error_not_a_silent_full_run[0/2],0.161,passed
tests.test_pytest_shard,test_a_bad_shard_spec_is_a_usage_error_not_a_silent_full_run[abc],0.176,passed
tests.test_pytest_shard,test_more_shards_than_files_is_a_usage_error_not_an_empty_green_run,0.160,passed
tests.test_pytest_shard,test_a_manifest_without_a_shard_is_a_usage_error,0.160,passed
tests.test_pytest_shard,test_two_shards_partition_the_collection_and_write_manifests,0.534,passed
tests.test_render_cache,test_mtime_change_without_content_change_still_hits,0.011,passed
tests.test_render_cache,test_content_change_invalidates,0.010,passed
tests.test_render_cache,test_backend_version_is_part_of_the_key,0.009,passed
tests.test_render_cache,test_source_sha1_memo_avoids_rehashing,0.007,passed
tests.test_render_cache,test_same_tick_same_size_rewrite_never_returns_the_old_digest,0.004,passed
tests.test_render_cache,test_a_young_signature_evicts_the_stale_memo_entry,0.004,passed
tests.test_render_cache,test_concurrent_requests_never_serve_a_torn_png,0.078,passed
tests.test_render_cache,test_zero_byte_cache_heals_itself,0.011,passed
tests.test_render_cache,test_same_key_renders_once_under_concurrency,0.075,passed
tests.test_runtime_build,test_shipped_lock_file_is_valid,0.004,passed
tests.test_runtime_build,test_lock_declares_the_targets_we_actually_ship,0.003,passed
tests.test_runtime_build,test_intel_mac_is_locked_but_honestly_marked_unshipped,0.003,passed
tests.test_runtime_build,test_every_target_pins_the_promised_stack[macos-arm64],0.003,passed
tests.test_runtime_build,test_every_target_pins_the_promised_stack[macos-x86_64],0.002,passed
tests.test_runtime_build,test_every_target_pins_the_promised_stack[windows-amd64],0.002,passed
tests.test_runtime_build,test_every_version_is_exact[macos-arm64],0.002,passed
tests.test_runtime_build,test_every_version_is_exact[macos-x86_64],0.002,passed
tests.test_runtime_build,test_every_version_is_exact[windows-amd64],0.002,passed
tests.test_runtime_build,test_every_target_pins_cpython_313_with_a_real_digest[macos-arm64],0.002,passed
tests.test_runtime_build,test_every_target_pins_cpython_313_with_a_real_digest[macos-x86_64],0.002,passed
tests.test_runtime_build,test_every_target_pins_cpython_313_with_a_real_digest[windows-amd64],0.002,passed
tests.test_runtime_build,test_cpython_comes_only_from_the_one_allowed_source[macos-arm64],0.002,passed
tests.test_runtime_build,test_cpython_comes_only_from_the_one_allowed_source[macos-x86_64],0.002,passed
tests.test_runtime_build,test_cpython_comes_only_from_the_one_allowed_source[windows-amd64],0.002,passed
tests.test_runtime_build,test_closure_is_complete_not_just_top_level[macos-arm64],0.002,passed
tests.test_runtime_build,test_closure_is_complete_not_just_top_level[macos-x86_64],0.002,passed
tests.test_runtime_build,test_closure_is_complete_not_just_top_level[windows-amd64],0.002,passed
tests.test_runtime_build,test_all_targets_pin_the_same_versions,0.002,passed
tests.test_runtime_build,test_pip_platform_tags_are_declared[macos-arm64],0.002,passed
tests.test_runtime_build,test_pip_platform_tags_are_declared[macos-x86_64],0.002,passed
tests.test_runtime_build,test_pip_platform_tags_are_declared[windows-amd64],0.002,passed
tests.test_runtime_build,test_macos_urls_percent_encode_the_plus,0.002,passed
tests.test_runtime_build,test_validate_lock_rejects_broken_targets[<lambda>-\u8303\u56f4\u7248\u672c],0.002,passed
tests.test_runtime_build,test_validate_lock_rejects_broken_targets[<lambda>-latest],0.002,passed
tests.test_runtime_build,test_validate_lock_rejects_broken_targets[<lambda>-\u7a7a\u95ed\u5305],0.002,passed
tests.test_runtime_build,test_validate_lock_rejects_broken_targets[<lambda>-sha256 \u957f\u5ea6\u4e0d\u5bf9],0.002,passed
tests.test_runtime_build,test_validate_lock_rejects_broken_targets[<lambda>-\u4e0d\u662f\u8865\u4e01\u7248\u672c],0.002,passed
tests.test_runtime_build,test_validate_lock_rejects_broken_targets[<lambda>-\u4e0d\u662f 3.13],0.002,passed
tests.test_runtime_build,test_validate_lock_rejects_broken_targets[<lambda>-\u975e\u5b98\u65b9\u4e0b\u8f7d\u6e90],0.002,passed
tests.test_runtime_build,test_validate_lock_rejects_broken_targets[<lambda>-\u4e0d\u8ba4\u8bc6\u7684 kind],0.002,passed
tests.test_runtime_build,test_validate_lock_rejects_broken_targets[<lambda>-\u7f3a\u67b6\u6784],0.002,passed
tests.test_runtime_build,test_validate_lock_rejects_broken_targets[<lambda>-\u7f3a pip \u5e73\u53f0\u6807\u7b7e],0.002,passed
tests.test_runtime_build,test_validate_lock_rejects_broken_files[<lambda>-schema 1 \u662f\u65e7\u7684\u5e73\u94fa\u683c\u5f0f],0.002,passed
tests.test_runtime_build,test_validate_lock_rejects_broken_files[<lambda>-top_level \u4e0d\u5728\u95ed\u5305\u91cc],0.002,passed
tests.test_runtime_build,test_validate_lock_rejects_broken_files[<lambda>-\u4e00\u4e2a\u76ee\u6807\u90fd\u6ca1\u6709],0.002,passed
tests.test_runtime_build,test_validate_lock_rejects_broken_files[<lambda>-\u4e00\u4e2a shipped \u90fd\u6ca1\u6709],0.002,passed
tests.test_runtime_build,test_schema_1_lock_is_refused_outright,0.002,passed
tests.test_runtime_build,test_requirement_list_is_pinned_and_stable,0.002,passed
tests.test_runtime_build,test_default_target_follows_the_build_host,0.002,passed
tests.test_runtime_build,test_linux_has_no_desktop_runtime_target,0.002,passed
tests.test_runtime_build,test_layout_paths_match_each_upstream_distribution,0.002,passed
tests.test_runtime_build,test_alias_prune_only_removes_symlinks_and_keeps_the_real_interpreter,0.004,passed
tests.test_runtime_build,test_windows_target_never_gets_alias_pruning,0.004,passed
tests.test_runtime_build,test_layout_matches_what_the_runtime_module_will_look_for,0.004,passed
tests.test_runtime_build,test_interpreter_discovery_is_not_hardcoded_to_313,0.004,passed
tests.test_runtime_build,test_windows_layout_is_still_found,0.004,passed
tests.test_runtime_build,test_pth_adds_site_packages_and_enables_site,0.002,passed
tests.test_runtime_build,test_pth_uses_windows_separator,0.002,passed
tests.test_runtime_build,test_manifest_records_everything_needed_to_diagnose[macos-arm64],0.002,passed
tests.test_runtime_build,test_manifest_records_everything_needed_to_diagnose[macos-x86_64],0.002,passed
tests.test_runtime_build,test_manifest_records_everything_needed_to_diagnose[windows-amd64],0.002,passed
tests.test_runtime_build,test_manifest_schema_matches_the_reader,0.002,passed
tests.test_runtime_build,test_manifest_is_readable_by_the_runtime_module[macos-arm64],0.004,passed
tests.test_runtime_build,test_manifest_is_readable_by_the_runtime_module[macos-x86_64],0.004,passed
tests.test_runtime_build,test_manifest_is_readable_by_the_runtime_module[windows-amd64],0.004,passed
tests.test_runtime_build,test_check_runtime_dir_accepts_a_matching_runtime,0.004,passed
tests.test_runtime_build,test_check_runtime_dir_rejects_a_foreign_platform,0.004,passed
tests.test_runtime_build,test_check_runtime_dir_rejects_an_unshipped_target_in_release_builds,0.004,passed
tests.test_runtime_build,test_check_runtime_dir_rejects_a_foreign_arch,0.004,passed
tests.test_runtime_build,test_release_build_refuses_a_runtime_that_never_ran_its_smoke,0.004,passed
tests.test_runtime_build,test_check_runtime_dir_rejects_an_unreadable_or_stale_manifest,0.004,passed
tests.test_runtime_build,test_spec_and_build_script_share_one_judgement,0.003,passed
tests.test_runtime_build,test_prune_never_touches_public_testing_apis,0.002,passed
tests.test_runtime_build,test_prune_removes_test_dirs_only[windows-embeddable-rel0],0.005,passed
tests.test_runtime_build,test_prune_removes_test_dirs_only[macos-standalone-rel1],0.005,passed
tests.test_runtime_build,test_precompile_uses_hash_invalidation_not_timestamps,0.002,passed
tests.test_runtime_build,test_prune_runs_before_precompile,0.002,passed
tests.test_runtime_build,test_smoke_is_mandatory_unless_explicitly_waived,0.002,passed
tests.test_runtime_build,test_runtime_is_gitignored,0.002,passed
tests.test_runtime_build,test_wheel_and_sdist_never_pick_up_the_runtime,0.003,passed
tests.test_runtime_build,test_spec_ships_runtime_when_it_exists,0.002,passed
tests.test_runtime_build,test_spec_ships_every_module_the_worker_imports,0.092,passed
tests.test_runtime_build,test_release_chain_refuses_to_ship_without_the_runtime,0.003,passed
tests.test_runtime_build,test_macos_ci_no_longer_fakes_a_worker_env,0.002,passed
tests.test_runtime_build,test_orphan_check_does_not_rely_on_a_dead_parent_pid,0.002,passed
tests.test_runtime_build,test_macos_release_signs_and_verifies_every_nested_macho,0.002,passed
tests.test_runtime_build,test_release_signing_gate_still_hard_fails_on_everything_but_authenticode,0.002,passed
tests.test_runtime_build,test_unsigned_windows_release_is_loud_not_silent,0.002,passed
tests.test_runtime_build,test_built_runtime_ships_licences_and_notices,0.000,skipped
tests.test_runtime_build,test_built_runtime_manifest_passes_its_own_gate,0.000,skipped
tests.test_runtime_build,test_built_runtime_is_usable_by_the_engine_and_really_renders,0.000,skipped
tests.test_runtime_build,test_built_runtime_does_not_write_into_itself_while_rendering,0.000,skipped
tests.test_source_hygiene,test_no_literal_nul_in_text_sources,0.206,passed
tests.test_source_hygiene,test_no_venv_or_self_referential_symlink_is_tracked,0.017,passed
tests.test_source_hygiene,test_no_launcher_leaves_a_child_pipe_undrained,0.152,passed
tests.test_source_hygiene,test_windows_bound_subprocesses_pin_their_decoding,0.483,passed
tests.test_source_hygiene,test_every_shipped_version_string_matches_the_product[workerd/Cargo.toml],0.003,passed
tests.test_source_hygiene,test_every_shipped_version_string_matches_the_product[src-tauri/Cargo.toml],0.002,passed
tests.test_source_hygiene,test_every_shipped_version_string_matches_the_product[src-tauri/tauri.conf.json],0.002,passed
tests.test_source_hygiene,test_every_shipped_version_string_matches_the_product[codex-plugin/.codex-plugin/plugin.json],0.002,passed
tests.test_source_hygiene,test_every_shipped_version_string_matches_the_product[workerd/Cargo.lock],0.003,passed
tests.test_source_hygiene,test_every_shipped_version_string_matches_the_product[src-tauri/Cargo.lock],0.003,passed
tests.test_source_hygiene,test_the_timeout_guard_actually_sees_some_workflows,0.002,passed
tests.test_source_hygiene,test_every_ci_job_has_a_time_limit[_lab-qualification.yml],0.002,passed
tests.test_source_hygiene,test_every_ci_job_has_a_time_limit[ci.yml],0.003,passed
tests.test_source_hygiene,test_every_ci_job_has_a_time_limit[codeql.yml],0.002,passed
tests.test_source_hygiene,test_every_ci_job_has_a_time_limit[desktop-tauri.yml],0.002,passed
tests.test_source_hygiene,test_every_ci_job_has_a_time_limit[lab-ci.yml],0.002,passed
tests.test_source_hygiene,test_every_ci_job_has_a_time_limit[metrics-freshness.yml],0.002,passed
tests.test_source_hygiene,test_every_ci_job_has_a_time_limit[nightly.yml],0.002,passed
tests.test_source_hygiene,test_every_ci_job_has_a_time_limit[plugin-stable.yml],0.002,passed
tests.test_source_hygiene,test_every_ci_job_has_a_time_limit[pr-conflict-domains.yml],0.002,passed
tests.test_source_hygiene,test_every_ci_job_has_a_time_limit[release.yml],0.003,passed
tests.test_source_hygiene,test_every_ci_job_has_a_time_limit[telemetry-metrics.yml],0.002,passed
tests.test_sync_mapping,test_remap_point_identity,0.002,passed
tests.test_sync_mapping,test_remap_point_translates_between_axes,0.002,passed
tests.test_sync_mapping,test_remap_point_scales_with_bbox,0.002,passed
tests.test_sync_mapping,test_remap_point_clamps_out_of_canvas,0.002,passed
tests.test_sync_mapping,test_remap_point_zero_size_bbox_falls_back_to_center,0.002,passed
tests.test_sync_mapping,test_best_offset_matches_text_signature,0.002,passed
tests.test_sync_mapping,test_best_offset_prefers_similar_element_count,0.002,passed
tests.test_sync_mapping,test_axes_info_collects_bbox_texts_and_counts,0.002,passed
tests.test_telemetry_invariants,test_no_consent_means_zero_network,0.002,passed
tests.test_telemetry_invariants,test_import_time_makes_no_network_request,0.003,passed
tests.test_telemetry_invariants,test_app_still_starts_when_telemetry_explodes,0.003,passed
tests.test_telemetry_invariants,test_capture_never_raises_whatever_goes_wrong,0.003,passed
tests.test_telemetry_invariants,test_set_consent_survives_a_broken_transport,0.003,passed
tests.test_telemetry_invariants,test_no_event_accepts_a_content_bearing_property[stem],0.002,passed
tests.test_telemetry_invariants,test_no_event_accepts_a_content_bearing_property[filename],0.002,passed
tests.test_telemetry_invariants,test_no_event_accepts_a_content_bearing_property[file],0.003,passed
tests.test_telemetry_invariants,test_no_event_accepts_a_content_bearing_property[path],0.002,passed
tests.test_telemetry_invariants,test_no_event_accepts_a_content_bearing_property[dir],0.002,passed
tests.test_telemetry_invariants,test_no_event_accepts_a_content_bearing_property[export_dir],0.002,passed
tests.test_telemetry_invariants,test_no_event_accepts_a_content_bearing_property[script],0.002,passed
tests.test_telemetry_invariants,test_no_event_accepts_a_content_bearing_property[source],0.002,passed
tests.test_telemetry_invariants,test_no_event_accepts_a_content_bearing_property[prompt],0.002,passed
tests.test_telemetry_invariants,test_no_event_accepts_a_content_bearing_property[response],0.002,passed
tests.test_telemetry_invariants,test_no_event_accepts_a_content_bearing_property[diff],0.002,passed
tests.test_telemetry_invariants,test_no_event_accepts_a_content_bearing_property[label],0.002,passed
tests.test_telemetry_invariants,test_no_event_accepts_a_content_bearing_property[gid],0.002,passed
tests.test_telemetry_invariants,test_no_event_accepts_a_content_bearing_property[text],0.002,passed
tests.test_telemetry_invariants,test_no_event_accepts_a_content_bearing_property[title],0.003,passed
tests.test_telemetry_invariants,test_no_event_accepts_a_content_bearing_property[project],0.002,passed
tests.test_telemetry_invariants,test_no_event_accepts_a_content_bearing_property[canvas],0.002,passed
tests.test_telemetry_invariants,test_no_event_accepts_a_content_bearing_property[name],0.002,passed
tests.test_telemetry_invariants,test_no_event_accepts_a_content_bearing_property[traceback],0.002,passed
tests.test_telemetry_invariants,test_no_event_accepts_a_content_bearing_property[error],0.002,passed
tests.test_telemetry_invariants,test_no_event_accepts_a_content_bearing_property[module],0.002,passed
tests.test_telemetry_invariants,test_no_event_accepts_a_content_bearing_property[package],0.002,passed
tests.test_telemetry_invariants,test_no_event_accepts_a_content_bearing_property[user],0.003,passed
tests.test_telemetry_invariants,test_no_event_accepts_a_content_bearing_property[email],0.003,passed
tests.test_telemetry_invariants,test_no_event_accepts_a_content_bearing_property[host],0.002,passed
tests.test_telemetry_invariants,test_no_event_accepts_a_content_bearing_property[hostname],0.003,passed
tests.test_telemetry_invariants,test_no_event_accepts_a_content_bearing_property[locale],0.002,passed
tests.test_telemetry_invariants,test_no_event_accepts_a_content_bearing_property[ip],0.002,passed
tests.test_telemetry_invariants,test_no_event_accepts_a_content_bearing_property[session],0.002,passed
tests.test_telemetry_invariants,test_no_event_accepts_a_content_bearing_property[url],0.002,passed
tests.test_telemetry_invariants,test_no_property_accepts_a_container,0.002,passed
tests.test_telemetry_invariants,test_preflight_only_carries_counts,0.002,passed
tests.test_telemetry_invariants,test_ai_event_only_carries_the_agent,0.002,passed
tests.test_telemetry_invariants,test_export_event_only_carries_shape,0.002,passed
tests.test_telemetry_invariants,test_enum_values_are_short_and_closed,0.003,passed
tests.test_telemetry_invariants,test_export_is_captured_after_the_files_are_written,0.003,passed
tests.test_telemetry_invariants,test_ai_is_captured_after_the_session_exists,0.003,passed
tests.test_telemetry_invariants,test_app_started_is_only_called_from_main,0.004,passed
tests.test_telemetry_invariants,test_pytest_runs_with_telemetry_hard_disabled,0.002,passed
tests.test_telemetry_invariants,test_every_workflow_hard_disables_telemetry[ci.yml],0.002,passed
tests.test_telemetry_invariants,test_every_workflow_hard_disables_telemetry[nightly.yml],0.002,passed
tests.test_telemetry_invariants,test_every_workflow_hard_disables_telemetry[desktop-tauri.yml],0.002,passed
tests.test_telemetry_invariants,test_every_workflow_hard_disables_telemetry[release.yml],0.002,passed
tests.test_telemetry_invariants,test_smoke_and_bench_scripts_hard_disable_telemetry[smoke_app.py],0.002,passed
tests.test_telemetry_invariants,test_smoke_and_bench_scripts_hard_disable_telemetry[smoke_desktop.py],0.002,passed
tests.test_telemetry_invariants,test_smoke_and_bench_scripts_hard_disable_telemetry[bench_render.py],0.002,passed
tests.test_telemetry_invariants,test_metrics_workflow_keeps_the_token_out_of_yaml,0.002,passed
tests.test_telemetry_invariants,test_telemetry_module_is_pure_stdlib,0.002,passed
tests.test_telemetry_invariants,test_worker_knows_nothing_about_telemetry,0.003,passed
tests.test_telemetry_invariants,test_proxy_is_not_shipped_in_the_package,0.002,passed
tests.test_telemetry_invariants,test_client_never_learns_the_analytics_backend,0.002,passed
tests.test_telemetry_invariants,test_public_settings_never_exposes_the_install_id,0.003,passed
tests.test_tiffwrite,test_rgb_roundtrips_through_an_independent_reader,0.004,passed
tests.test_tiffwrite,test_rgba_declares_unassociated_alpha,0.004,passed
tests.test_tiffwrite,test_unknown_density_is_written_as_no_absolute_unit_not_a_made_up_number,0.006,passed
tests.test_tiffwrite,test_padded_rows_are_compacted,0.004,passed
tests.test_tiffwrite,test_large_images_are_split_into_strips_that_reassemble_exactly,0.004,passed
tests.test_tiffwrite,test_non_integer_dpi_keeps_three_decimals,0.004,passed
tests.test_tiffwrite,test_malformed_input_is_refused_before_writing[0-4-3-None-0],0.004,passed
tests.test_tiffwrite,test_malformed_input_is_refused_before_writing[4-4-2-None-32],0.004,passed
tests.test_tiffwrite,test_malformed_input_is_refused_before_writing[4-4-3-8-48],0.004,passed
tests.test_tiffwrite,test_malformed_input_is_refused_before_writing[4-4-3-None-47],0.004,passed
tests.test_tiffwrite,test_pillow_reads_the_same_pixels_when_available,0.005,passed
tests.test_tiffwrite,test_ifd_entries_are_sorted_ascending,0.005,passed
tests.test_typography_families,test_the_family_set_is_one_closed_set_on_both_sides,0.005,passed
tests.test_typography_families,test_each_family_maps_to_its_own_base14_face[serif-False-False-Times-Roman],0.002,passed
tests.test_typography_families,test_each_family_maps_to_its_own_base14_face[serif-True-True-Times-BoldItalic],0.002,passed
tests.test_typography_families,test_each_family_maps_to_its_own_base14_face[sans-serif-False-False-Helvetica],0.002,passed
tests.test_typography_families,test_each_family_maps_to_its_own_base14_face[sans-serif-True-False-Helvetica-Bold],0.002,passed
tests.test_typography_families,test_each_family_maps_to_its_own_base14_face[monospace-False-True-Courier-Oblique],0.003,passed
tests.test_typography_families,test_an_unknown_family_falls_back_to_the_default_instead_of_resolving_it[None],0.002,passed
tests.test_typography_families,test_an_unknown_family_falls_back_to_the_default_instead_of_resolving_it[],0.002,passed
tests.test_typography_families,test_an_unknown_family_falls_back_to_the_default_instead_of_resolving_it[Times New Roman],0.002,passed
tests.test_typography_families,test_an_unknown_family_falls_back_to_the_default_instead_of_resolving_it[Arial],0.002,passed
tests.test_typography_families,test_an_unknown_family_falls_back_to_the_default_instead_of_resolving_it[\u5b8b\u4f53],0.002,passed
tests.test_typography_families,test_an_unknown_family_falls_back_to_the_default_instead_of_resolving_it[7],0.002,passed
tests.test_typography_families,test_the_family_reaches_the_pdf_font_resources,0.011,passed
tests.test_typography_families,test_measuring_uses_the_same_family_as_writing,0.003,passed
tests.test_typography_families,test_the_cjk_face_does_not_change_with_the_family,0.002,passed
tests.test_updater,test_is_newer[0.2.0-0.1.0-True],0.002,passed
tests.test_updater,test_is_newer[0.1.1-0.1.0-True],0.002,passed
tests.test_updater,test_is_newer[1.0.0-0.9.9-True],0.002,passed
tests.test_updater,test_is_newer[0.1.0-0.1.0-False],0.002,passed
tests.test_updater,test_is_newer[0.1.0-0.2.0-False],0.002,passed
tests.test_updater,test_is_newer[0.10.0-0.9.0-True],0.002,passed
tests.test_updater,test_is_newer[1.0.0-1.0.0rc1-True],0.002,passed
tests.test_updater,test_is_newer[1.0.0rc1-1.0.0-False],0.002,passed
tests.test_updater,test_is_newer[v0.2.0-0.1.0-True],0.002,passed
tests.test_updater,test_is_newer[garbage-0.1.0-False],0.002,passed
tests.test_updater,test_is_newer[-0.1.0-False],0.002,passed
tests.test_updater,test_current_version_matches_package,0.002,passed
tests.test_updater,test_upgrade_command_pip_prefers_release_wheel,0.002,passed
tests.test_updater,test_upgrade_command_pip_falls_back_to_package_name,0.002,passed
tests.test_updater,test_upgrade_command_pipx,0.002,passed
tests.test_updater,test_source_checkout_never_self_updates,0.662,passed
tests.test_updater,test_install_method_detects_this_source_checkout,0.007,passed
tests.test_updater,test_check_reports_update,0.005,passed
tests.test_updater,test_check_offline_is_not_fatal,0.004,passed
tests.test_updater,test_auto_check_off_means_no_network,0.005,passed
tests.test_updater,test_check_is_throttled,0.004,passed
tests.test_updater,test_cached_result_recomputes_against_running_version,0.004,passed
tests.test_updater,test_worker_python_candidates_prefer_env_then_self,0.006,passed
tests.test_updater,test_worker_python_candidates_on_windows,0.003,passed
tests.test_updater,test_worker_py_ships_with_the_package,0.003,passed
tests.test_versions,test_create_and_list,0.007,passed
tests.test_versions,test_auto_checkpoint_dedup,0.006,passed
tests.test_versions,test_rejects_bad_doc,0.005,passed
tests.test_versions,test_accepts_schema3_snapshot,0.005,passed
tests.test_versions,test_rename_promote_duplicate_delete,0.006,passed
tests.test_versions,test_docs_are_isolated,0.005,passed
tests.test_versions,test_prune_keeps_manual_over_auto,0.007,passed
tests.test_versions,test_timeline_stops_growing_at_the_byte_budget,0.021,passed
tests.test_versions,test_the_newest_version_survives_even_when_it_alone_exceeds_the_budget,0.004,passed
tests.test_versions,test_the_assembled_file_is_byte_identical_to_dumping_the_kept_list,0.005,passed
tests.test_versions,test_the_count_cap_still_governs_small_documents,0.007,passed
tests.test_versions,test_the_byte_cap_sacrifices_auto_checkpoints_before_manual_ones,0.012,passed
tests.test_versions,test_the_count_cap_sacrifices_auto_checkpoints_before_manual_ones,0.008,passed
tests.test_versions,test_the_newest_entry_never_gets_sacrificed_even_when_it_is_auto,0.005,passed
tests.test_versions,test_the_list_carries_no_sketch_unless_the_caller_asks_for_one,0.005,passed
tests.test_versions,test_the_sketch_draws_a_thumbnail_without_carrying_the_body,0.005,passed
tests.test_versions,test_a_schema3_snapshot_sketches_the_canvas_the_checkpoint_came_from,0.005,passed
tests.test_versions,test_a_broken_document_costs_one_thumbnail_not_the_whole_list,0.005,passed
tests.test_versions,test_the_sketch_is_cut_to_the_size_the_caller_asked_for,0.005,passed
tests.test_versions,test_the_text_in_a_sketch_is_cut_to_the_length_the_caller_asked_for,0.005,passed
tests.test_versions,test_hidden_objects_are_dropped_before_the_cut_not_after,0.005,passed
tests.test_versions,test_the_transport_cap_holds_even_when_the_caller_asks_for_everything,0.007,passed
tests.test_versions,test_the_first_checkpoint_still_works_when_there_is_no_history_file,0.005,passed
tests.test_versions,test_a_corrupt_timeline_is_refused_and_left_byte_for_byte_untouched,0.004,passed
tests.test_versions,test_a_history_emptied_by_deleting_every_version_can_still_grow_again,0.005,passed
tests.test_versions,test_an_object_without_a_versions_key_is_refused_too,0.005,passed
tests.test_versions,test_the_guard_looks_at_the_file_the_reader_actually_read,0.004,passed
tests.test_windows_regressions,test_write_back_reports_locked_file_instead_of_500,0.007,passed
tests.test_windows_regressions,test_write_back_rolls_back_when_the_second_target_is_locked,0.007,passed
tests.test_windows_regressions,test_browse_accepts_backslashes_and_chinese_spaces,0.005,passed
tests.test_windows_regressions,test_open_project_with_chinese_and_spaces,0.007,passed
tests.test_windows_regressions,test_drive_roots_listed_on_windows_only,0.002,passed
tests.test_windows_regressions,test_busy_port_falls_back_instead_of_crashing,1.507,passed
tests.test_windows_regressions,test_the_port_probe_raises_above_the_ceiling_instead_of_saying_busy,0.007,passed
tests.test_windows_regressions,test_resolve_port_never_probes_above_the_ceiling,0.004,passed
tests.test_windows_regressions,test_worker_pipes_survive_non_utf8_locale,0.487,passed
tests.test_windows_regressions,test_every_entry_point_reconfigures_stdout_to_utf8,0.003,passed
tests.test_windows_regressions,test_cli_entry_survives_a_non_utf8_console[argv0],0.032,passed
tests.test_windows_regressions,test_cli_entry_survives_a_non_utf8_console[argv1],0.030,passed
tests.test_windows_regressions,test_cli_entry_survives_a_non_utf8_console[argv2],0.191,passed
tests.test_windows_regressions,test_packaging_entry_points_reconfigure_stdout_to_utf8,0.003,passed
tests.test_windows_regressions,test_support_probes_reconfigure_stdout_to_utf8,0.003,failed
tests.test_windows_regressions,test_the_script_entry_point_scan_actually_sees_the_scripts,0.078,passed
tests.test_windows_regressions,test_script_entry_points_pin_their_output_encoding,0.205,passed
tests.test_windows_regressions,test_the_ci_common_module_still_pins_utf8_at_import_time,0.004,passed
tests.test_windows_regressions,test_script_entry_points_survive_a_windows_codepage[scripts/ci/release_blockers.py],0.028,passed
tests.test_windows_regressions,test_script_entry_points_survive_a_windows_codepage[scripts/check_pending_release_notes.py],0.026,passed
tests.test_windows_regressions,test_script_entry_points_survive_a_windows_codepage[scripts/ci/lab_preflight.py],0.033,passed
tests.test_windows_regressions,test_codex_handoff_json_survives_cp1252_stdout,1.448,passed
tests.test_windows_regressions,test_maintenance_scripts_report_under_cp1252_stdout,0.123,passed
tests.test_windows_regressions,test_widget_fingerprint_is_the_same_on_windows_and_posix,0.003,passed
tests.test_windows_regressions,test_widget_fingerprint_still_notices_a_real_change,0.003,passed
tests.test_windows_regressions,test_codex_handoff_pins_utf8_on_every_decoding_spawn,0.006,passed
tests.test_windows_regressions,test_runtime_build_log_survives_cp1252_stdout,0.048,passed
tests.test_windows_regressions,test_cli_search_dirs_cover_windows_install_locations,0.002,passed
tests.test_windows_regressions,test_npm_cmd_shim_resolves_to_real_executable,0.004,passed
tests.test_windows_regressions,test_plain_executable_is_not_treated_as_shim,0.004,passed
tests.test_windows_regressions,test_executable_bit_gate_is_a_noop_on_windows,0.007,passed
tests.test_windows_regressions,test_capabilities_tells_where_it_looked_when_missing,0.003,passed
tests.test_windows_regressions,test_worker_python_candidates_cover_common_windows_installs,0.002,passed
tests.test_windows_regressions,test_frozen_app_never_probes_its_own_executable,0.002,passed
tests.test_windows_regressions,test_diagnostics_bundle_redacts_secrets_and_home,0.599,passed
tests.test_windows_regressions,test_diagnostics_bundle_survives_missing_log,0.120,passed
tests.test_windows_regressions,test_runtime_path_logic_never_instantiates_a_foreign_pathlib,0.003,passed
tests.test_windows_regressions,test_bundled_runtime_lives_under_the_onedir_internal_folder,0.005,passed
tests.test_windows_regressions,test_bundled_worker_writes_no_cache_into_the_install_directory,0.003,passed
tests.test_windows_regressions,test_windows_desktop_missing_runtime_says_reinstall_not_install_python,0.005,passed
tests.test_windows_regressions,test_every_backend_subprocess_declares_its_console_ownership,0.356,passed
tests.test_windows_regressions,test_the_user_python_is_never_detached_from_the_terminal,0.003,passed
tests.test_windows_regressions,test_every_backend_subprocess_that_decodes_pins_utf8,0.311,passed
tests.test_windows_regressions,test_create_no_window_has_exactly_one_definition,0.011,passed
tests.test_windows_regressions,test_upgrade_pins_utf8_so_pip_output_cannot_explode,0.002,passed
tests.test_windows_regressions,test_render_cache_yields_when_the_target_is_locked_by_a_reader,0.007,passed
tests.test_windows_regressions,test_a_replace_that_never_succeeds_still_fails_loudly,0.005,passed
tests.test_windows_regressions,test_workerd_that_dies_while_poll_still_says_alive_gets_disabled,0.003,passed
tests.test_windows_regressions,test_no_test_id_can_blow_the_windows_env_var_limit,0.994,passed
tests.test_windows_regressions,test_desktop_only_windows_install_exposes_a_usable_cli,0.003,passed
tests.test_windows_regressions,test_the_gui_binary_is_never_offered_as_a_command_line,0.002,passed
tests.test_windows_regressions,test_the_windows_installer_ships_and_registers_that_cli,0.002,passed
tests.test_windows_regressions,test_byte_compared_artifacts_are_pinned_to_lf[web/src/i18n/resources.d.ts],0.003,passed
tests.test_windows_regressions,test_byte_compared_artifacts_are_pinned_to_lf[docs/legal/CLA_INDIVIDUAL.md],0.003,passed
tests.test_windows_regressions,test_byte_compared_artifacts_are_pinned_to_lf[docs/legal/CLA_CORPORATE.md],0.003,passed
tests.test_windows_regressions,test_no_test_judges_executability_by_filesystem_mode,0.196,passed
tests.test_windows_regressions,test_compat_baseline_is_written_with_lf_on_every_platform,0.005,passed
tests.test_windows_regressions,test_compat_text_writes_all_pin_the_newline,0.003,passed
tests.test_windows_regressions,test_playground_writes_the_workspace_source_byte_for_byte,0.006,passed
tests.test_windows_regressions,test_artist_census_prints_chinese_under_a_legacy_code_page,0.446,passed
tests.test_windows_regressions,test_child_output_survives_a_legacy_codepage,0.038,passed
tests.test_windows_regressions,test_the_repo_scripts_really_round_trip_chinese_help,0.031,passed
tests.test_windows_regressions,test_no_ci_script_hard_codes_a_posix_only_signal,0.100,passed
tests.test_windows_regressions,test_artifact_manifest_summary_survives_a_windows_codepage,0.035,passed
tests.test_windows_regressions,test_js_assets_ignore_broken_windows_mime_registry,0.006,passed
tests.test_windows_regressions,test_unlisted_asset_extensions_still_use_guessing,0.005,passed
tests.test_windows_regressions,test_index_busts_the_poisoned_asset_cache,0.005,passed
tests.test_windows_regressions,test_discard_reaps_the_process_before_deleting_the_replay_dir,0.021,passed
tests.test_windows_regressions,test_discard_logs_the_exact_path_when_the_tree_survives,0.020,passed
tests.test_windows_regressions,test_force_kill_waits_until_the_process_is_actually_gone,0.005,passed
tests.test_windows_regressions,test_preview_svg_is_written_without_newline_translation,0.005,passed
tests.test_windows_regressions,test_publish_file_fsyncs_through_a_writable_handle,0.004,passed
tests.test_windows_regressions,test_publish_file_still_reports_a_real_fsync_failure,0.004,passed
tests.test_windows_regressions,test_build_scripts_run_vite_through_pnpm_exec_even_when_which_returns_the_cmd_shim[C:\\Users\\x\\AppData\\Roaming\\npm\\pnpm.CMD],0.002,passed
tests.test_windows_regressions,test_build_scripts_run_vite_through_pnpm_exec_even_when_which_returns_the_cmd_shim[C:\\Program Files\\nodejs\\pnpm.cmd],0.002,passed
tests.test_windows_regressions,test_build_scripts_run_vite_through_pnpm_exec_even_when_which_returns_the_cmd_shim[/opt/homebrew/bin/pnpm],0.002,passed
tests.test_windows_regressions,test_build_scripts_fall_back_to_npx_vite_when_pnpm_is_absent,0.002,passed
tests.test_windows_regressions,test_build_scripts_have_one_tool_check_and_it_is_not_by_path_suffix,0.005,passed
tests.test_workdir_mode,test_project_mode_only_adds_cwd_and_keeps_the_sandbox,0.002,passed
tests.test_workdir_mode,test_cwd_mode_is_execution_semantics_not_a_path,0.002,passed
tests.test_workdir_mode,test_the_switch_is_project_scoped_and_defaults_to_the_sandbox,0.005,passed
tests.test_workdir_mode,test_all_three_spawn_paths_take_the_mode_from_one_place,0.006,passed
tests.test_workdir_mode,test_sandbox_mode_still_hides_relative_data_from_exists_and_glob,0.235,passed
tests.test_workdir_mode,test_project_mode_runs_the_script_where_it_lives,0.388,passed
tests.test_workdir_mode,test_switching_the_mode_restarts_the_sessions_of_that_project,0.688,passed
tests.test_worker_protocol,test_envelope_carries_version_generation_revision_and_hash,0.005,passed
tests.test_worker_protocol,test_request_ids_are_unique_per_request,0.004,passed
tests.test_worker_protocol,test_commands_map_to_the_v1_names_and_payloads,0.006,passed
tests.test_worker_protocol,test_generation_increments_per_pool_key,0.006,passed
tests.test_worker_protocol,test_request_id_mismatch_kills_the_session,0.012,passed
tests.test_worker_protocol,test_pipe_eof_kills_the_session_so_get_cannot_reuse_it,0.006,passed
tests.test_worker_protocol,test_protocol_version_mismatch_kills_the_session,0.004,passed
tests.test_worker_protocol,test_v1_error_envelope_becomes_a_workererror,0.004,passed
tests.test_worker_protocol,test_missing_dependency_still_wins_over_the_protocol_code,0.004,passed
tests.test_worker_protocol,test_hash_mismatch_is_logged_but_the_result_is_used,0.004,passed
tests.test_worker_protocol,test_dead_worker_and_empty_response_keep_their_old_errors,0.004,passed
tests.test_worker_protocol,test_control_plane_adds_queue_wait_and_total,0.004,passed
tests.test_worker_protocol,test_timings_survive_a_worker_that_reports_none,0.004,passed
tests.test_worker_protocol,test_cold_render_folds_in_the_build_timings,0.004,passed
tests.test_worker_protocol,test_preview_dpi_is_only_sent_when_asked,0.004,passed
tests.test_worker_protocol,test_inline_svg_is_only_sent_when_asked,0.004,passed
tests.test_workerd_client,test_the_env_switch_can_disable_workerd_entirely,0.002,passed
tests.test_workerd_client,test_an_explicit_path_is_honoured,0.004,passed
tests.test_workerd_client,test_a_bad_explicit_path_falls_back_instead_of_crashing,0.002,passed
tests.test_workerd_client,test_hello_negotiates_the_protocol_version,5.609,passed
tests.test_workerd_client,test_a_foreign_supervisor_version_is_refused,5.459,passed
tests.test_workerd_client,test_responses_are_routed_by_request_id_not_by_arrival_order,6.077,passed
tests.test_workerd_client,test_many_threads_share_one_pipe_without_crossing_wires,5.477,passed
tests.test_workerd_client,test_error_envelopes_become_structured_exceptions,5.473,passed
tests.test_workerd_client,test_the_session_id_on_a_failure_envelope_is_not_dropped,5.486,passed
tests.test_workerd_client,test_a_crash_fails_every_pending_call_immediately,0.780,passed
tests.test_workerd_client,test_it_restarts_on_the_next_call_after_a_crash,0.704,passed
tests.test_workerd_client,test_a_binary_that_dies_on_startup_is_disabled_after_a_few_tries,0.232,passed
tests.test_workerd_client,test_a_wedged_supervisor_times_out_with_its_own_code,6.164,passed
tests.test_workerd_client,test_the_request_envelope_matches_the_supervisor_protocol,5.474,passed
tests.test_workerd_client,test_close_reaps_the_supervisor_before_closing_the_log,0.012,passed
tests.test_workerd_client,test_a_half_started_supervisor_is_reaped_before_the_restart,0.010,passed
tests.test_workerd_packaging,test_the_spec_ships_workerd_as_a_binary_not_a_data_file,0.004,passed
tests.test_workerd_packaging,test_the_spec_takes_workerd_from_cargos_own_output_dir,0.003,passed
tests.test_workerd_packaging,test_the_spec_refuses_to_build_without_workerd,0.003,passed
tests.test_workerd_packaging,test_find_workerd_looks_where_the_spec_puts_it[_MEIPASS],0.004,passed
tests.test_workerd_packaging,test_find_workerd_looks_where_the_spec_puts_it[_internal],0.003,passed
tests.test_workerd_packaging,test_the_packaged_name_is_the_one_the_client_looks_for,0.003,passed
tests.test_workerd_packaging,test_build_desktop_builds_workerd_before_pyinstaller_and_checks_the_result,0.003,passed
tests.test_workerd_packaging,test_the_release_workflow_gates_the_rust_crate,0.003,passed
tests.test_workerd_packaging,test_the_smoke_legs_assert_the_control_plane_without_forcing_it[desktop-tauri.yml],0.003,passed
tests.test_workerd_packaging,test_the_smoke_legs_assert_the_control_plane_without_forcing_it[ci.yml],0.003,passed
tests.test_workerd_packaging,test_ci_builds_and_asserts_the_binary_in_the_windows_artifact,0.003,passed
tests.test_workerd_packaging,test_the_release_profile_stays_small_and_stripped,0.003,passed
tests.test_workerd_pool,test_the_python_pool_is_the_default_when_workerd_is_absent,0.005,passed
tests.test_workerd_pool,test_workerd_is_used_when_the_binary_is_there,0.005,passed
tests.test_workerd_pool,test_a_failing_workerd_falls_back_to_the_python_pool,0.005,passed
tests.test_workerd_pool,test_the_conftest_default_keeps_the_suite_on_the_python_path,0.002,passed
tests.test_workerd_pool,test_control_plane_reports_both_the_choice_and_what_is_actually_running,0.005,passed
tests.test_workerd_pool,test_the_spawn_spec_matches_what_the_python_pool_would_have_run,0.005,passed
tests.test_workerd_pool,test_the_bundled_runtime_still_gets_its_args_and_env,0.004,passed
tests.test_workerd_pool,test_the_spec_hash_key_changes_with_entry_and_project,0.004,passed
tests.test_workerd_pool,test_missing_dependency_still_wins_over_the_supervisor_code,0.002,passed
tests.test_workerd_pool,test_ordinary_errors_keep_their_code_and_traceback,0.002,passed
tests.test_workerd_pool,test_zero_captured_figures_get_their_own_code_and_the_script_output,0.002,passed
tests.test_workerd_pool,test_log_tail_is_this_generation_only_and_decoded_as_utf8,0.004,passed
tests.test_workerd_pool,test_a_plain_unknown_stem_is_left_alone,0.002,passed
tests.test_workerd_pool,test_workerd_side_gives_the_same_answer_for_zero_figures,0.005,passed
tests.test_workerd_pool,test_fatal_codes_mark_the_session_dead_so_get_rebuilds,0.005,passed
tests.test_workerd_pool,test_transient_codes_do_not_kill_the_session,0.005,passed
tests.test_workerd_pool,test_an_expired_session_is_reopened_once_and_the_call_retried,0.004,passed
tests.test_workerd_pool,test_the_timeout_tier_travels_with_each_request,0.004,passed
tests.test_workerd_pool,test_the_pool_method_names_map_to_the_v1_command_names,0.004,passed
tests.test_workerd_pool,test_the_cache_layout_is_identical_to_the_python_pool,0.004,passed
tests.test_workerd_pool,test_generation_still_increments_per_pool_key,0.004,passed
tests.test_workerd_pool,test_a_hash_mismatch_is_logged_but_the_result_is_used,0.004,passed
tests.test_workerd_pool,test_shutdown_and_force_kill_map_to_close_session,0.004,passed
tests.test_workerd_pool,test_subprocess_is_still_imported_for_the_python_path,0.002,passed
tests.test_workerd_pool,test_a_failed_open_claims_and_closes_the_ghost_session,0.004,passed
tests.test_workerd_pool,test_cleanup_failure_never_hides_the_real_open_error,0.004,passed
tests.test_workerd_pool,test_recorded_stem_hash_survives_a_transparent_session_reopen,0.005,passed
